uri,genre
spotify:track:5vlEg2fT4cFWAqU5QptIpQ,pop
spotify:track:5kxddRG1RZaZROadk7iC4D,pop
spotify:track:2aIdVb8v9KTpEZnftkz2mD,pop
spotify:track:7LP4Es66zdY7CyjepqmvAg,pop
spotify:track:1hGy2eLcmC8eKx7qr1tOqx,pop
spotify:track:3iL2l5gUqyPS6vDwJFgJTR,pop
spotify:track:1IAzD1muglOxOcPbUHs70R,pop
spotify:track:1lih9AUGlOI2qbAkptdBsr,pop
spotify:track:34ceTg8ChN5HjrqiIYCn9Q,pop
spotify:track:4faiJXyBflUVVOOE9fxbeg,pop
spotify:track:0DdpxWfVvUGgkJv5536tiF,pop
spotify:track:1ARJhjuI6TNYZCxYygFQ4F,pop
spotify:track:3NZJlJemX3mzjf56MqC5ML,pop
spotify:track:7yws3pF3FFguwT2Psi6c15,pop
spotify:track:0ARK753YaiJbpLUk7z5yIM,pop
spotify:track:2oENJa1T33GJ0w8dC167G4,pop
spotify:track:3LN41NUdHkyNqQhi9gExMm,pop
spotify:track:6brl7bwOHmGFkNw3MBqssT,pop
spotify:track:3QLjDkgLh9AOEHlhQtDuhs,pop
spotify:track:6Nq5lE0CeOAAAqN4qhkbZU,pop
spotify:track:4EWCNWgDS8707fNSZ1oaA5,pop
spotify:track:6BaxqcoEM9r3LXisTyJjST,pop
spotify:track:3Gf5nttwcX9aaSQXRWidEZ,pop
spotify:track:68vgtRHr7iZHpzGpon6Jlo,pop
spotify:track:4NpDZPwSXmL0cCTaJuVrCw,pop
spotify:track:5BoIP8Eha5hwmRVURkC2Us,pop
spotify:track:3jlbL2OTD5YmIunYzgQTAN,pop
spotify:track:2yPoXCs7BSIUrucMdK5PzV,pop
spotify:track:5qrzhg9Fmu8Amg2uMhHfe5,pop
spotify:track:6Hn9Uc1mMNfqChXU3txNke,pop
spotify:track:0x3TibRgnSqzkcwrqBd4iX,pop
spotify:track:6lV2MSQmRIkycDScNtrBXO,pop
spotify:track:5FEXPoPnzueFJQCPRIrC3c,pop
spotify:track:03tqyYWC9Um2ZqU0ZN849H,pop
spotify:track:4BycRneKmOs6MhYG9THsuX,pop
spotify:track:3LmvfNUQtglbTrydsdIqFU,pop
spotify:track:6IwKcFdiRQZOWeYNhUiWIv,pop
spotify:track:6oUGAx0vkBcnGzYkvw0ZsA,pop
spotify:track:5uHYcK0nbEYgRaFTY5BqnP,pop
spotify:track:2bLqfJjuC5syrsgDsZfGmn,pop
spotify:track:5RC9YDHON0nXKmcQrL6WV6,pop
spotify:track:2iclfHORMqpR3TxuhwVRhD,pop
spotify:track:41bIQPBE1lFN0mmw6Lmssz,pop
spotify:track:41PWz0hAiU9FqsmjR9Wh62,pop
spotify:track:3XVBdLihbNbxUwZosxcGuJ,pop
spotify:track:1KGi9sZVMeszgZOWivFpxs,pop
spotify:track:3RBGG1be9aBaSvjnw6ABkh,pop
spotify:track:7k6IzwMGpxnRghE7YosnXT,pop
spotify:track:7xVwhsuZTUWhIyFeDH6rYr,pop
spotify:track:4hrae8atte6cRlSC9a7VCO,pop
spotify:track:2RqZFOLOnzVmHUX7ZMcaES,pop
spotify:track:6c0GmyBsE7mQtrVvxJaWc3,pop
spotify:track:0DLOyyQvwPTSDKuhpzMMwA,pop
spotify:track:67D9O4Oau629qirRXtTWCS,pop
spotify:track:2q4rjDy9WhaN3o9MvDbO21,pop
spotify:track:6AdLyvisRKHLAwARaZMGr6,pop
spotify:track:7I6DceMT3utDOHjcYCbrr4,pop
spotify:track:1PS1QMdUqOal0ai3Gt7sDQ,pop
spotify:track:1NrJYpdAi7uosDRPmSYrsG,pop
spotify:track:0CXVjQI9wsqaGeIARkkpYc,pop
spotify:track:7rv0UuxMX7CpUUwEE1jVrd,pop
spotify:track:3ibKnFDaa3GhpPGlOUj7ff,pop
spotify:track:6CFPFnS9EcLs2I0nWqtWci,pop
spotify:track:44M8gY48QHhvc6vn5be10N,pop
spotify:track:48EQasc6XD0pOQtkIOWqOC,pop
spotify:track:1QOxGqu6VTjx58nslWBFVW,pop
spotify:track:2elA6JLRaQ6iB7hxiuTKN4,pop
spotify:track:3AqcBOSlJF7xMgvLpQoa3c,pop
spotify:track:7J41dYQolQJEtj3UmKLu5r,pop
spotify:track:1p5kC161fWMA2QlwV3Vi4W,pop
spotify:track:2aEuXA1KswHlCGPOuPmCOW,pop
spotify:track:58FUwmyGUqkt53YPUcm7cJ,pop
spotify:track:5F7IJrXD6Fa3EmqoYE0gU4,pop
spotify:track:28KdK3DzO2WOUwPLkR0qsR,pop
spotify:track:1UGMu0Tf5nmKoYIPPztbQQ,pop
spotify:track:1bM50INir8voAkVoKuvEUI,pop
spotify:track:0qOnSQQF0yzuPWsXrQ9paz,pop
spotify:track:3hsmbFKT5Cujb5GQjqEU39,pop
spotify:track:4kflIGfjdZJW4ot2ioixTB,pop
spotify:track:1CkvWZme3pRgbzaxZnTl5X,pop
spotify:track:4NTWZqvfQTlOMitlVn6tew,pop
spotify:track:2i0AUcEnsDm3dsqLrFWUCq,pop
spotify:track:5zpDHEU12zATwLGvozxPw2,pop
spotify:track:63rbP24OzfaQCJjsHWZXnY,pop
spotify:track:4aX4Oycsk1fhHIee1zqsDe,pop
spotify:track:3CKCZ9pfwAfoMZlMncA1Nc,pop
spotify:track:53DB6LJV9B8sz0p1s6tlGS,pop
spotify:track:2LEF1A8DOZ9wRYikWgVlZ8,pop
spotify:track:6nek1Nin9q48AVZcWs9e9D,pop
spotify:track:3rfpTrCNol2OmFkdzWqOHe,pop
spotify:track:7a86XRg84qjasly9f6bPSD,pop
spotify:track:043bfUkTydw0xJ5JjOT91w,pop
spotify:track:7vlPI45Zzzk0palLdKry4k,pop
spotify:track:3s4U7OHV7gnj42VV72eSZ6,pop
spotify:track:5O2P9iiztwhomNh8xkR9lJ,pop
spotify:track:2qPUnoasNe4Ep43emVXEig,pop
spotify:track:1NpW5kyvO4XrNJ3rnfcNy3,pop
spotify:track:18VfHIPaCo0s6FTi1Fnp6T,pop
spotify:track:1kPpge9JDLpcj15qgrPbYX,pop
spotify:track:0KAiuUOrLTIkzkpfpn9jb9,pop
spotify:track:67T6l4q3zVjC5nZZPXByU8,pop
spotify:track:6lV2MSQmRIkycDScNtrBXO,pop
spotify:track:0Hf4aIJpsN4Os2f0y0VqWl,pop
spotify:track:6QFCMUUq1T2Vf5sFUXcuQ7,pop
spotify:track:6OtCIsQZ64Vs1EbzztvAv4,pop
spotify:track:6KOEK6SeCEZOQkLj5M1PxH,pop
spotify:track:6CjtS2JZH9RkDz5UVInsa9,pop
spotify:track:2y4lAQpi5VTNLu2ldeTdUH,pop
spotify:track:22skzmqfdWrjJylampe0kt,pop
spotify:track:6YbhspuOar1D9WSSnfe7ds,pop
spotify:track:3DamFFqW32WihKkTVlwTYQ,pop
spotify:track:4HlFJV71xXKIGcU3kRyttv,pop
spotify:track:4rHZZAmHpZrA3iH5zx8frV,pop
spotify:track:0xMd5bcWTbyXS7wPrBtZA6,pop
spotify:track:4ycLiPVzE5KamivXrAzGFG,pop
spotify:track:2oENJa1T33GJ0w8dC167G4,pop
spotify:track:6FB3v4YcR57y4tXFcdxI1E,pop
spotify:track:0i5el041vd6nxrGEU8QRxy,pop
spotify:track:7gUpO6td4OOnu0Lf9vhcIV,pop
spotify:track:0nJW01T7XtvILxQgC5J7Wh,pop
spotify:track:0KKkJNfGyhkQ5aFogxQAPU,pop
spotify:track:3w3y8KPTfNeOKPiqUTakBh,pop
spotify:track:55h7vJchibLdUkxdlX3fK7,pop
spotify:track:5hUYsaOyMY32yjRXeuQwGj,pop
spotify:track:3bC1ahPIYt1btJzSSEyyrF,pop
spotify:track:2CEgGE6aESpnmtfiZwYlbV,pop
spotify:track:4r6eNCsrZnQWJzzvFh4nlg,pop
spotify:track:0nrRP2bk19rLc0orkWPQk2,pop
spotify:track:1fidCEsYlaVE3pHwKCvpFZ,pop
spotify:track:5ctk3VJoHoURSiwkCJn2bf,pop
spotify:track:6Knv6wdA0luoMUuuoYi2i1,pop
spotify:track:6RtPijgfPKROxEzTHNRiDp,pop
spotify:track:3CRDbSIZ4r5MsZ0YwxuEkn,pop
spotify:track:4cluDES4hQEUhmXj6TXkSo,pop
spotify:track:75lo8VozcCLRG9WGG674iD,pop
spotify:track:2bJvI42r8EF3wxjOuDav4r,pop
spotify:track:3avYqdwHKEq8beXbeWCKqJ,pop
spotify:track:6BaxqcoEM9r3LXisTyJjST,pop
spotify:track:1Vixb2G70s0J2Irf6hi8VE,pop
spotify:track:2iuZJX9X9P0GKaE93xcPjk,pop
spotify:track:4XNrMwGx1SqP01sqkGTDmo,pop
spotify:track:6LxSe8YmdPxy095Ux6znaQ,pop
spotify:track:1z9kQ14XBSN0r2v6fx4IdG,pop
spotify:track:2iUmqdfGZcHIhS3b9E9EWq,pop
spotify:track:3TGRqZ0a2l1LRblBkJoaDx,pop
spotify:track:0W4Kpfp1w2xkY3PrV714B7,pop
spotify:track:4wCmqSrbyCgxEXROQE6vtV,pop
spotify:track:1X1DWw2pcNZ8zSub3uhlNz,pop
spotify:track:0srwKuJPH8yBzzFUJMBQM2,pop
spotify:track:2Foc5Q5nqNiosCNqttzHof,pop
spotify:track:2aSC2xhRxOLiiZZVjhbylH,pop
spotify:track:2dLLR6qlu5UJ5gk0dKz0h3,pop
spotify:track:06EL94D0TA27Ik0Ke5usbj,pop
spotify:track:5DI9jxTHrEiFAhStG7VA8E,pop
spotify:track:60nZcImufyMA1MKQY3dcCH,pop
spotify:track:3oiMJQAWVaxSubJ7b2VUtX,pop
spotify:track:6YUTL4dYpB9xZO5qExPf05,pop
spotify:track:2RqtfcLB7iOZj0zYB8Auhu,pop
spotify:track:0Dc7J9VPV4eOInoxUiZrsL,pop
spotify:track:3fBbfrWZUuWWrMQXFISr7N,pop
spotify:track:5BrTUo0xP1wKXLJWUaGFtk,pop
spotify:track:7795WJLVKJoAyVoOtCWqXN,pop
spotify:track:2d8JP84HNLKhmd6IYOoupQ,pop
spotify:track:22VdIZQfgXJea34mQxlt81,pop
spotify:track:0wwPcA6wtMf6HUMpIRdeP7,pop
spotify:track:2JzZzZUQj3Qff7wapcbKjc,pop
spotify:track:78TTtXnFQPzwqlbtbwqN0y,pop
spotify:track:4frLb7nWtsz2ymBE6k2GRP,pop
spotify:track:3keUgTGEoZJt0QkzTB6kHg,pop
spotify:track:4B0JvthVoAAuygILe3n4Bs,pop
spotify:track:5lFDtgWsjRJu8fPOAyJIAK,pop
spotify:track:5NQbUaeTEOGdD6hHcre0dZ,pop
spotify:track:1zi7xx7UVEFkmKfv06H8x0,pop
spotify:track:6fujklziTHa8uoM5OQSfIo,pop
spotify:track:3CCyVdprlcXui4ZwMw1hNS,pop
spotify:track:7EiZI6JVHllARrX9PUvAdX,pop
spotify:track:7qiZfU4dY1lWllzX7mPBI3,pop
spotify:track:6rPO02ozF3bM7NnOV4h6s2,pop
spotify:track:0KKkJNfGyhkQ5aFogxQAPU,pop
spotify:track:7KXjTSCq5nL1LoYtL7XAwS,pop
spotify:track:3a1lNhkSLSkpJE4MSHpDu9,pop
spotify:track:5uCax9HTNlzGybIStD3vDh,pop
spotify:track:1jYiIOC5d6soxkJP81fxq2,pop
spotify:track:7GX5flRQZVHRAGd6B4TmDO,pop
spotify:track:3B54sVLJ402zGa6Xm4YGNe,pop
spotify:track:6uBhi9gBXWjanegOb2Phh0,pop
spotify:track:0wXuerDYiBnERgIpbb3JBR,pop
spotify:track:5tz69p7tJuGPeMGwNTxYuV,pop
spotify:track:3dhjNA0jGA8vHBQ1VdD6vV,pop
spotify:track:343YBumqHu19cGoGARUTsd,pop
spotify:track:1nueTG77MzNkJTKQ0ZdGzT,pop
spotify:track:5Z3GHaZ6ec9bsiI5BenrbY,pop
spotify:track:0tgVpDi06FyKpA1z0VMD4v,pop
spotify:track:6DCZcSspjsKoFjzjrWoCdn,pop
spotify:track:7dt6x5M1jzdTEt8oCbisTK,pop
spotify:track:3CA9pLiwRIGtUBiMjbZmRw,pop
spotify:track:2G7V7zsVDxg1yRsu7Ew9RJ,pop
spotify:track:285pBltuF7vW8TeWk8hdRR,pop
spotify:track:6V1bu6o1Yo5ZXnsCJU8Ovk,pop
spotify:track:5HCyWlXZPP0y6Gqq8TgA20,pop
spotify:track:6sy3LkhNFjJWlaeSMNwQ62,pop
spotify:track:0u2P5u6lvoDfwTYjAADbn4,pop
spotify:track:2vgUijXOTRMnWXDtvgMp2b,pop
spotify:track:2dpaYNEQHiRxtZbfNsse99,pop
spotify:track:152lZdxL1OR0ZMW6KquMif,pop
spotify:track:0RiRZpuVRbi7oqRdSMwhQY,pop
spotify:track:3ee8Jmje8o58CHK66QrVC2,pop
spotify:track:52okn5MNA47tk87PeZJLEL,pop
spotify:track:6TqXcAFInzjp0bODyvrWEq,pop
spotify:track:6gpcs5eMhJwax4mIfKDYQk,pop
spotify:track:5mCPDVBb16L4XQwDdbRUpz,pop
spotify:track:0At2qAoaVjIwWNAqrscXli,pop
spotify:track:3GCdLUSnKSMJhs4Tj6CV3s,pop
spotify:track:2VxeLyX666F8uXCJ0dZF8B,pop
spotify:track:2YpeDb67231RjR0MgVLzsG,pop
spotify:track:7qEHsqek33rTcFNT9PFqLf,pop
spotify:track:3s4mrPrEFFPF0LmAfutW0n,pop
spotify:track:4cktbXiXOapiLBMprHFErI,pop
spotify:track:0e8nrvls4Qqv5Rfa2UhqmO,pop
spotify:track:0T5iIrXA4p5GsubkhuBIKV,pop
spotify:track:6xGruZOHLs39ZbVccQTuPZ,pop
spotify:track:1Dr5JexwA15wmKe7Y7maA9,pop
spotify:track:05Sgj1Hx03ZXc57gsV1kfX,hip-hop
spotify:track:2mKouqwAIdQnMP43zxR89r,hip-hop
spotify:track:6zsk6uF3MxfIeHPlubKBvR,hip-hop
spotify:track:2tOZtdbkAMQASWokLvSlzj,hip-hop
spotify:track:6lrRIfQDcikJ5y5DtyZPuJ,hip-hop
spotify:track:2SLZ2rX5773RS16mcqBxG7,hip-hop
spotify:track:0aULRU35N9kTj6O1xMULRR,hip-hop
spotify:track:0mYoKqA23wUUj7BTEgNzjg,hip-hop
spotify:track:6YB6CK4Tsb0BgtxCEL9KlI,hip-hop
spotify:track:6YYd5MLpu45J0uLrMdivF7,hip-hop
spotify:track:0jG92AlXau21qgCQRxGLic,hip-hop
spotify:track:24PWKmemCvqfyVXODhoKHW,hip-hop
spotify:track:1A35w9OSTTVXw3c6tj6AiV,hip-hop
spotify:track:7r8KGFyID2uExN5FupG4AT,hip-hop
spotify:track:0d28khcov6AiegSCpG5TuT,hip-hop
spotify:track:6ScJMrlpiLfZUGtWp4QIVt,hip-hop
spotify:track:07u02f6biDHx5VexfAs41b,hip-hop
spotify:track:0UaMYEvWZi0ZqiDOoHU3YI,hip-hop
spotify:track:7g7M96UGiA7OR79H86gV4m,hip-hop
spotify:track:0RZXNlGPvfMo54fd6uCvAT,hip-hop
spotify:track:2RPl2HMZE0ycVf1UdlpUkA,hip-hop
spotify:track:0CAJdthKDdRjB2h8YOguN6,hip-hop
spotify:track:4kOTDj4SiZPkW1p96WMDNv,hip-hop
spotify:track:0Uc706myy6Th7I6KQ9xA1x,hip-hop
spotify:track:5A6OHHy73AR5tLxgTc98zz,hip-hop
spotify:track:10fItzbnj7iBE2nQaShNnu,hip-hop
spotify:track:5DCA1FOUDBURlRTNg4ganf,hip-hop
spotify:track:6hdvyB8BlHx15z9KBxxuA6,hip-hop
spotify:track:1fLibtVj3MrNTwRZq5yUOs,hip-hop
spotify:track:1MaI6NwdrqnE3mRzOYTpoo,hip-hop
spotify:track:7u6aTzXw1JtiK5sr7XctFs,hip-hop
spotify:track:4LwOrnuxJwR7C5Sw4liY4Z,hip-hop
spotify:track:5QTWAj4eiLac88p9y9Zp0F,hip-hop
spotify:track:0Ed7MeXx64f6OcIuoTRCg1,hip-hop
spotify:track:7dltD9eEX7X1zk8JJ9BS0e,hip-hop
spotify:track:2FSQYGTyk8GTIaiRyAWu74,hip-hop
spotify:track:6UZS3KgNc0NF13bbtQTzD6,hip-hop
spotify:track:7m97yKVzPpXV9Z4ezEziOD,hip-hop
spotify:track:6o2g1BJvtYQssH84kBYs7y,hip-hop
spotify:track:3dFwpxh2yH7C7p9BGEKLVB,hip-hop
spotify:track:4IsjWC8VboYjsSSchoMX7m,hip-hop
spotify:track:0l3GEbH3CviUytD6iX4wzg,hip-hop
spotify:track:7eJ5kRpMNPAk7ccCDKywjH,hip-hop
spotify:track:76dZuMVXjIyLPRLv00skGd,hip-hop
spotify:track:2D1hlMwWWXpkc3CZJ5U351,hip-hop
spotify:track:3jagJCUbdqhDSPuxP8cAqF,hip-hop
spotify:track:7x6SuiiH3fcrsAgfkp2OwQ,hip-hop
spotify:track:2uiEqPjMmIJXOKplzsEASP,hip-hop
spotify:track:1boHm9rjmvzxpJASd9dnGK,hip-hop
spotify:track:3QLjDkgLh9AOEHlhQtDuhs,hip-hop
spotify:track:6j2aNuhJJUnRj6UHcvn5PI,hip-hop
spotify:track:0yHConG49418wPs8UfAt44,hip-hop
spotify:track:5qjESLw4uzDNvG2V5QIoaS,hip-hop
spotify:track:7tAXjikQCHflZLeGPTUcLQ,hip-hop
spotify:track:5z7mYFfhw6N6f23VwrokJD,hip-hop
spotify:track:0jSMveIWvnhDIvzqN74Uc7,hip-hop
spotify:track:2VMn1qUPFKRclST2sJLrEK,hip-hop
spotify:track:7qpWcD93ZlXfGkv2XNvLo5,hip-hop
spotify:track:7uKcScNXuO3MWw6LowBjW1,hip-hop
spotify:track:0YkJU6TjjwzsVXUPRIO0DB,hip-hop
spotify:track:0exb0K7vsjf5bXWLJJhAuF,hip-hop
spotify:track:7aJouq94UPaX7yVXd2MQ4k,hip-hop
spotify:track:1IAzD1muglOxOcPbUHs70R,hip-hop
spotify:track:2ajhenDRiiAnCHHjsIOHhJ,hip-hop
spotify:track:0cNJ3huiV99wvUN1tmQLTL,hip-hop
spotify:track:5iHO0dAm9FmDA017mWdFkB,hip-hop
spotify:track:3j1UrSXCeWYa5ltei4ZAxt,hip-hop
spotify:track:7lQ8MOhq6IN2w8EYcFNSUk,hip-hop
spotify:track:1wLhwzPAtze5JT8qqXlqaO,hip-hop
spotify:track:5I6YA7oHtraxwWQzzCugDt,hip-hop
spotify:track:3LN41NUdHkyNqQhi9gExMm,hip-hop
spotify:track:1rBittbf1aWwzeW28dI7Lv,hip-hop
spotify:track:2bRE4HKlZQDHkiVcDr58aZ,hip-hop
spotify:track:41bIQPBE1lFN0mmw6Lmssz,hip-hop
spotify:track:3n5rIcC04MiNx4T2GOS06g,hip-hop
spotify:track:5TRPicyLGbAF2LGBFbHGvO,hip-hop
spotify:track:5Y78yINSOCW6xbOfGWNBg4,hip-hop
spotify:track:5qTvkDrSfvwDv6RBjjcfQr,hip-hop
spotify:track:10WtvjnCYQvwws4Gyz3AMA,hip-hop
spotify:track:6o3s08kk2fQI37vxGZDrJ1,hip-hop
spotify:track:7iKXO3oCFiiZRniwAJaGa4,hip-hop
spotify:track:5SkRLpaGtvYPhw02vZhQQ9,hip-hop
spotify:track:04KTF78FFg8sOHC1BADqbY,hip-hop
spotify:track:10EGxvr4fSE42ABWZeJ3K3,hip-hop
spotify:track:5jv3QxL0MFswzM1UJ2qQJM,hip-hop
spotify:track:75DjPjiIp2fvJDjtt41Jfs,hip-hop
spotify:track:6c0GmyBsE7mQtrVvxJaWc3,hip-hop
spotify:track:1KGi9sZVMeszgZOWivFpxs,hip-hop
spotify:track:0r2Bul2NuCViraT2zX1l5j,hip-hop
spotify:track:6ihObRBTB8xdSH2mlERtOX,hip-hop
spotify:track:6b3CWHNAKiJRqmgz6ZcWaB,hip-hop
spotify:track:6JLcz9UGiVxAmEZXlCucn5,hip-hop
spotify:track:7i7UIbm5E0DD7aSOYvwp2v,hip-hop
spotify:track:6glsMWIMIxQ4BedzLqGVi4,hip-hop
spotify:track:2T8hXV9LUZMDBKR5RALGEa,hip-hop
spotify:track:4hrae8atte6cRlSC9a7VCO,hip-hop
spotify:track:03tqyYWC9Um2ZqU0ZN849H,hip-hop
spotify:track:1WUDiDTkjcwTgmzCozIYAM,hip-hop
spotify:track:0vZXMVr3eZGSV2xg1VYvTM,hip-hop
spotify:track:3EC3fndwqOvvfofQsD2ROF,hip-hop
spotify:track:39zWYYZStDgWi32sOU9AX4,rock
spotify:track:5FVd6KXrgO9B3JPmC8OPst,rock
spotify:track:6V0A3jkb9ntudO0kmcJ1xd,rock
spotify:track:7yoBjKO6cCnK3zV8gr1k4e,rock
spotify:track:0M3adYbGtyRHACP86dey1H,rock
spotify:track:0grFc6klR3hxoHLcgCYsF4,rock
spotify:track:7ueP5u2qkdZbIPN2YA6LR0,rock
spotify:track:04caEZhAsQKnWqKsMwk9ud,rock
spotify:track:0C4bx13JIMSWOAxd8TaoVq,rock
spotify:track:4G8gkOterJn0Ywt6uhqbhp,rock
spotify:track:3CRDbSIZ4r5MsZ0YwxuEkn,rock
spotify:track:5hc71nKsUgtwQ3z52KEKQk,rock
spotify:track:13QI6bq0U8HMK7gUpAwFBK,rock
spotify:track:2QjOHCTQ1Jl3zawyYOpxh6,rock
spotify:track:4q604hQba5940BbOoaenmz,rock
spotify:track:2dLLR6qlu5UJ5gk0dKz0h3,rock
spotify:track:7aOor99o8NNLZYElOXlBG1,rock
spotify:track:1EuvOdyyzhFUP2z3gfr6xz,rock
spotify:track:1wLQwg0mloy3yXjL0jPE0N,rock
spotify:track:2oaK4JLVnmRGIO9ytBE1bt,rock
spotify:track:52LL3IFB8N3PaJmoZ8Xii1,rock
spotify:track:0c4IEciLCDdXEhhKxj4ThA,rock
spotify:track:50jXnyrzW4mcBBqFTMEoAC,rock
spotify:track:7clyJIrLkEbXUDwj1tC9zz,rock
spotify:track:2XgTw2co6xv95TmKpMcL70,rock
spotify:track:0y1QJc3SJVPKJ1OvFmFqe6,rock
spotify:track:7w87IxuO7BDcJ3YUqCyMTT,rock
spotify:track:5OeY5LebIOzD9Zvat1Dikf,rock
spotify:track:7aO35V27YDi4hKOL9odSya,rock
spotify:track:6u0x5ad9ewHvs3z6u9Oe3c,rock
spotify:track:0AVIswXP3Q5FnlorjU0DbI,rock
spotify:track:6CltzquypraYIlWFp48m1O,rock
spotify:track:6lFUdRItQEsEuD7dSINL47,rock
spotify:track:79DQcqdOuzHH5g0fI8KShf,rock
spotify:track:6golelYKuy85o3u0cxIxFK,rock
spotify:track:2AT8iROs4FQueDv2c8q2KE,rock
spotify:track:7jHJ2MzIKO1kIMxGamKRKn,rock
spotify:track:0wDEiGfq4pw7FAkYKpkwMo,rock
spotify:track:1eadPrzB2P0ikQcqhKSAtv,rock
spotify:track:0eZBeB2xFIS65jQHerispi,rock
spotify:track:4UEo1b0wWrtHMC8bVqPiH8,rock
spotify:track:7CZyCXKG6d5ALeq41sLzbw,rock
spotify:track:51rdCmgHBzg9HJ7eHjVRK9,rock
spotify:track:2NRa4W3rH4e5GKQMN5Qwyr,rock
spotify:track:3n4r9HS59J2Utzr9wHbte4,rock
spotify:track:278Ao6KQDxWGGszv24uvhI,rock
spotify:track:5mpUKTdskZea0gStWzeHUZ,rock
spotify:track:1mU8A0bKStnhYuS043o6Je,rock
spotify:track:1uihOJbHkJJlDwUUOa0yqu,rock
spotify:track:1dfHpGeaXunLRNvzSZOZtc,rock
spotify:track:3XF5xLJHOQQRbWya6hBp7d,rock
spotify:track:3mRLHiSHYtC8Hk7bzZdUs1,rock
spotify:track:3T76zPJz3tWL27FrjJe2ot,rock
spotify:track:1BwhFXqoIsePt21WyWIttb,rock
spotify:track:44TuSOP6xIAEeJmZsN3nXO,rock
spotify:track:7oVEtyuv9NBmnytsCIsY5I,rock
spotify:track:4sebUbjqbcgDSwG6PbSGI0,rock
spotify:track:1MHYAqWWdDRePmnqORynrq,rock
spotify:track:3omXshBamrREltcf24gYDC,rock
spotify:track:0Nk7bSn0MItonkR0GNs3mj,rock
spotify:track:7a86XRg84qjasly9f6bPSD,rock
spotify:track:4wCmqSrbyCgxEXROQE6vtV,rock
spotify:track:0GO8y8jQk1PkHzS31d699N,rock
spotify:track:5jiYx70OBzEI99jx1Gn3FN,rock
spotify:track:7w09r53aPON8ZUvEAnPe94,rock
spotify:track:2GFwwTIVLjnOrtP7m9luHC,rock
spotify:track:31FVK7g99Nn15DOY6yYFuT,rock
spotify:track:6XcfKZvJio9Z0fQy11GnNX,rock
spotify:track:0W4Kpfp1w2xkY3PrV714B7,rock
spotify:track:1eyzqe2QqGZUmfcPZtrIyt,rock
spotify:track:6UIo6YbaXihIZ72MWUpcGb,rock
spotify:track:2gTdDMpNxIRFSiu7HutMCg,rock
spotify:track:7myke8Id4WyKFlWcRBJdIF,rock
spotify:track:1fXiYSWmkKJfRKMegCkI11,rock
spotify:track:79M3Eq1q61lkeQJ1OCVEdZ,rock
spotify:track:2ihCaVdNZmnHZWt0fvAM7B,rock
spotify:track:1rqqCSm0Qe4I9rUvWncaom,rock
spotify:track:5cRPdqpWkaNmIbPi6wJDg2,rock
spotify:track:5UKj2UGT4AMc1GMLk5S5sw,rock
spotify:track:6XZ8SzOsrIPce5JdgMeJFF,rock
spotify:track:6QgjcU0zLnzq5OrUoSZ3OK,rock
spotify:track:1bTVbi6uwmGwlsXy2soxpg,rock
spotify:track:1LbwMX3159t6QxG3u7DRWe,rock
spotify:track:6K4t31amVTZDgR3sKmwUJJ,rock
spotify:track:44Ljlpy44mHvLJxcYUvTK0,rock
spotify:track:24qhW8fqWyrMHqkBfM2HPk,rock
spotify:track:5G1sTBGbZT5o4PNRc75RKI,rock
spotify:track:3NyovXfcpc8PDWWKH7xEDs,rock
spotify:track:3IyCL4Em1GOpNGDf451Hg1,rock
spotify:track:2UZtI2HUyLRzqBjodvcUmY,rock
spotify:track:2D52zjCyqEIQa221lhw6uk,rock
spotify:track:6i0V12jOa3mr6uu4WYhUBr,rock
spotify:track:3JvrhDOgAt6p7K8mDyZwRd,rock
spotify:track:6vECYJHxYmm3Ydt3fF01pE,rock
spotify:track:0kzw2tRyuL9rzipi5ntlIy,rock
spotify:track:5n0CTysih20NYdT2S0Wpe8,rock
spotify:track:1gk3FhAV07q9Jg77UxnVjX,rock
spotify:track:5qlSYa5PePLAuAsAFgqVxW,rock
spotify:track:1VPUpUwtbpoRVXt0txVU0w,rock
spotify:track:0fYVliAYKHuPmECRs1pbRf,rock
spotify:track:7AHw9SfOITU9Q7sj3V5vxV,country
spotify:track:5hviCr3lgg6LY6noG6DPKs,country
spotify:track:3z1PqYwMtct2Dm4R9lhWnT,country
spotify:track:4YjjNHtEsTX6Af4mCTupT5,country
spotify:track:26bL4gSULWDgdIMX0pRFrG,country
spotify:track:4BXkf6yww23Vdju7E1fUrn,country
spotify:track:01CnYyPXMFRzOFVQBU8WMb,country
spotify:track:0LQtEJt7x0s6knb6RKdRYc,country
spotify:track:1qHRFZE8qykNXYZadzmi1m,country
spotify:track:4xInIiKipU1mtUogJ3ZdYr,country
spotify:track:2WQAknZHrJAEQOFXe0F44P,country
spotify:track:65B1tEOv5W294uCKbmEcFV,country
spotify:track:0XfFxeXzMkIy5SWAVpOQin,country
spotify:track:7DQmwd7zye9xvzMQJnD8S8,country
spotify:track:1sR3kJi14jA8Gau3a0yXAo,country
spotify:track:6IC6VhpV7D8T1t037Atqpu,country
spotify:track:5s7m2xNZWgz5FqVSIvJcGA,country
spotify:track:32jHB7W9b08OTorAqR0cJo,country
spotify:track:3n8QTc8J3T72KurDsWo1b6,country
spotify:track:7CNd7rjfVt74TFlcOcnZgN,country
spotify:track:7GQjJEwqlp6m5HNWVQd6OR,country
spotify:track:3rDYYPicaQbT2rcpdfqQF9,country
spotify:track:5uaTGZyDMK1iZ9eW1qeBEX,country
spotify:track:4AQWKGBWTR7fVuUKxi5sKE,country
spotify:track:4etE2X6t7GmyiuYLIdI8H5,country
spotify:track:2dRPQFwPqAmc42mDRnsDQu,country
spotify:track:11EX5yhxr9Ihl3IN1asrfK,country
spotify:track:7wqMZWYeBxJt0obQPnF5NX,country
spotify:track:4cDWuDOQPJsnS88XKrkAFy,country
spotify:track:0ZUo4YjG4saFnEJhdWp9Bt,country
spotify:track:3duP6mBVDsHM8ioN7o7dAK,country
spotify:track:5xErd5QhOvTKFU7l8dffWC,country
spotify:track:7vSn3VNbzOtPebdj6ZSebj,country
spotify:track:4gzeYkzuzxuzAUTsGcdjqA,country
spotify:track:3y4LxiYMgDl4RethdzpmNe,country
spotify:track:1PrZOkFxJqTZAH8P3x87hW,country
spotify:track:68Q1r5zDnnYaHkh80yal4A,country
spotify:track:2K9OxCyv7zHYKZETYcaouz,country
spotify:track:3lec3CzDPAxsZokPph5w87,country
spotify:track:34Vn9nKfztyLco9lJazy4j,country
spotify:track:4aOQG9TYcZOhT3sngkMI9K,country
spotify:track:1PtBEdgSOYujwHrRZv72sl,country
spotify:track:0b9djfiuDIMw1zKH6gV74g,country
spotify:track:4oY6CUpxOmphOuVSs5jScY,country
spotify:track:0AkZjWYCMJ8wWiNex7LmkY,country
spotify:track:5JWuz7zukN8z9JLNm29U5K,country
spotify:track:4RBL1O2KXydgUhZrslOsn5,country
spotify:track:5oHHMDcVOmPSFrCgdbHPdb,country
spotify:track:0r8iDf65NHgFgZOGLwj5r8,country
spotify:track:0CJG8Ea1rkwW0CQ5U9f5Tm,country
spotify:track:2Vn8Ea6fGOM3dsGYVcJ62G,country
spotify:track:2LQVTdH9gUGCuXfozQl1KI,country
spotify:track:1ESipSqVefdknPg5IBKFND,country
spotify:track:6dWGSm15Vj6m7qLKEO85ZN,country
spotify:track:18wDkct4lkK046D6gcCASs,country
spotify:track:4S518ci8UY4op0Xyp6Hx6o,country
spotify:track:51bNXhI8t5rH47BJLhK5Ed,country
spotify:track:3SRuODYNV4j2ckkJ9Samju,country
spotify:track:7K4VxvIXXbDbaVn6ARbch1,country
spotify:track:1fmi1hOBtH8xfUiWz4LVtE,country
spotify:track:5ApdBBa3MtTzpF0MbpB2NG,country
spotify:track:7LvK43IERbcLsuabmyKQgi,country
spotify:track:3cE5ltZFHmBpiS77itKaOM,country
spotify:track:1VnQfAPIHwFImjfO9gnyUt,country
spotify:track:6yFD0TSZvxydqGxLNDjZUO,country
spotify:track:6NhpIdjYoufuNNlBsgOztc,country
spotify:track:1FV374EPG5CrjdIbIMLkcv,country
spotify:track:7E2DqvnVtbIrFrL5X6YH9Q,country
spotify:track:296XGtH5MeGisqD3uAz6Q6,country
spotify:track:5JlH51YDYsGj2dyEJKKjcN,country
spotify:track:6LCEyZZHFF4ebF1Mike1s5,country
spotify:track:33kKQSeqM2ecEcKF0LNSRT,country
spotify:track:2LLcI3oU4CedCQDV5tJ1SK,country
spotify:track:3EZzghqykkfOB0Z8d0kTSt,country
spotify:track:3C3oknuBLo3jxhmRk67glu,country
spotify:track:7nCfgsjUCQUogw3MY5tEeR,country
spotify:track:79YeQbd1p7MsuT7wHQLRYY,country
spotify:track:0rK4HCKzv2r1IXqKX3DKpq,country
spotify:track:7aNsPkxjfpxr6LM2Mg5sQr,country
spotify:track:6EqIPSy6771nbVzw6kT8oI,country
spotify:track:5cPVHB3VcVKJRBTQ1Mls2I,country
spotify:track:2iyf3JFyPd0bRpIRkvOQWr,country
spotify:track:6iNcyWk5iUEY7P9zeTc5hm,country
spotify:track:28cnXtME493VX9NOw9cIUh,country
spotify:track:40bd032FvXsRP6QIeKkANi,country
spotify:track:1D4PL9B8gOg78jiHg3FvBb,country
spotify:track:2CVJECHIdpe8otFH0XFI4F,country
spotify:track:3OBV3QV7wBp5KrAec8qibm,country
spotify:track:5jFid6SUnYqohvNvNuZvIz,country
spotify:track:3VHevS1BocAcrihLnl11DG,country
spotify:track:1Jsy4H3jKEwriFniuoC2gj,country
spotify:track:7oiCqfE8Wjk8wf0pFTgL2H,country
spotify:track:3oW6SWwGqiZSPTiAp7ZQoH,country
spotify:track:0YmlrCG5yGehEJgVycbG9g,country
spotify:track:73njvNJmgXA180vTPkA16C,country
spotify:track:72MSivvHmzBcpSvcHRyf9b,country
spotify:track:5x5JM1BSB6vollcIzDocqT,country
spotify:track:4b0XF7CDpJEBAdVHMw7amV,country
spotify:track:2yhhcHTfvLC0HzSajGYL0h,country
spotify:track:41OvINy2RjLet11iW849vX,country
spotify:track:3FV4mI64s7zZ9yaJT1b2P0,edm
spotify:track:10UlyaMBBoeIufdgvQh2Fr,edm
spotify:track:12jufMG6MLcRGQliJEjEF0,edm
spotify:track:2dsshIsZqnxM4JAsw7TwbD,edm
spotify:track:2lh9rnGhsmj8B7W1EBrzaJ,edm
spotify:track:74e63Bo6zRFsQ3BhSx3Xy6,edm
spotify:track:3U6kC4Ko4VT1ZvEKjEZsC1,edm
spotify:track:5YnKmPZytgkywuHktntXDV,edm
spotify:track:5ZrrXIYTvjXPKVQMjqaumR,edm
spotify:track:4EBisBBehGON4ESJsNZBsP,edm
spotify:track:54gsBdyfh7l5DFgc5sHhQW,edm
spotify:track:0EzVcavTFL5YEj0945ifIi,edm
spotify:track:0KPYlx6mOE8IEg7pVNoTAc,edm
spotify:track:30NTB3ooCZlzJPv13pihQh,edm
spotify:track:2kEHmTnCcKvBcADXLO40xk,edm
spotify:track:6MjljecHzHelUDismyKkba,edm
spotify:track:01ZWmMsn4ugAB7tMYdNBi6,edm
spotify:track:5421cq6TeSfNjJk9roqLpI,edm
spotify:track:1NOpaQQpgolBd3X8HR8Trr,edm
spotify:track:5TRb93yX04JiFsChkTusVj,edm
spotify:track:4nXhG0oIbJXxKrODDF3HZP,edm
spotify:track:3ezkJgagRPZ39KCTrKcSI7,edm
spotify:track:2ueKL2MWoyfg1FnBpHOfbH,edm
spotify:track:4tGghJ2euPeI7HvpkNi1CU,edm
spotify:track:0YchKPFRbVwwO4dH5hKrRi,edm
spotify:track:5bRDSGmwZJsGG7tPN14fDu,edm
spotify:track:1snWJGS3Awhr1NoaoTE9qv,edm
spotify:track:0E1MfZDJRLMFhebTjDGKN0,edm
spotify:track:0cP5GxZrtKCRQu7cbOqsBe,edm
spotify:track:4TmPahvi2h2xdVuSGHkBBm,edm
spotify:track:0C2GT6MXWGRo7PIeeFq9zu,edm
spotify:track:3mJniN9tHOtKru4vhsuiHu,edm
spotify:track:4gMnvtp0lXJY9GkgPGcELg,edm
spotify:track:6tC2iHfUlzB2W4ntXXL2BH,edm
spotify:track:5eS6pTvDNOvh2kyxeZtK3r,edm
spotify:track:1E8S3CSv20KrKT0C1yAjkO,edm
spotify:track:5OWhFeNXZ2RGbsGpl3rIc3,edm
spotify:track:1P0wLge0z6CiDMztVH0q9i,edm
spotify:track:2hQCzcb3qyZirWzOD5Yzoj,edm
spotify:track:24Eu7wWvFS7YVF7XHwdUTV,edm
spotify:track:0TxMRiAvI1s0L821BJJWzx,edm
spotify:track:7FJhdM5ZewvoKsoeSeAvyb,edm
spotify:track:2QMdxS78DaXP8aS8qJqGzU,edm
spotify:track:4yjlWacI4vXSwtE7Kq7rUH,edm
spotify:track:59VFsS9fC3qAMShdrv7HCi,edm
spotify:track:7lbpqAD1ELBS3ifiEBO34O,edm
spotify:track:0VnbR9xUnuR4XUiZxtvyR8,edm
spotify:track:2Uy6EhQXAYkXA6MohPgjpV,edm
spotify:track:41N46fZZDok0gY5y49JFia,edm
spotify:track:6OHJCsg2wLsoLMpY0F9OtY,edm
spotify:track:4YnAKHP8pUPeaOov12tljh,edm
spotify:track:0AiJnh2Ulk6JZXd0YpXKnv,edm
spotify:track:6T1Xc4BNJO7bkgiEyH7vCm,edm
spotify:track:2Pm6DfCwlHdjMks7M6UwJw,edm
spotify:track:6ygkxHjC6uBPC9MY5vtm76,edm
spotify:track:61ZYxapcmBvN0TaxXHVFoF,edm
spotify:track:5EZnkKNbuL9vKPOgDC4AJa,edm
spotify:track:4jagT8dvgTqdEEJnJBpi2R,edm
spotify:track:2ld5jxCp0JuxnCmDa4AYrF,edm
spotify:track:7LjSDWI62R9BDhoyi6t3e7,edm
spotify:track:4rwpZEcnalkuhPyGkEdhu0,edm
spotify:track:5WSL7UTa38jMWoBzObD4BD,edm
spotify:track:4lY0v0skiWm1UjRZTVXCnh,edm
spotify:track:4xr1Azj8mCbz6u8CITf8ef,edm
spotify:track:4iD3msRl5hJUBEtrQwnR4k,edm
spotify:track:1XwOjUir8UDjXNqB2b2TNo,edm
spotify:track:5utdBr8IeD9SGj6gnMF252,edm
spotify:track:38G32c3uJeFucSYweZv4pI,edm
spotify:track:6dfXwa0dI1sBm4CIePuOYM,edm
spotify:track:1VxVzTKwwvWGlSMla1BdQz,edm
spotify:track:6VRhkROS2SZHGlp0pxndbJ,edm
spotify:track:5qFL2uwfnGU8FccwLMgPNQ,edm
spotify:track:0KxzO6ZP8mq8Aml11XiVEO,edm
spotify:track:2NFWA9nqzDh4glNiNp1Stc,edm
spotify:track:2bsyecmZCgdlsCZ3sWVZ99,edm
spotify:track:043bfUkTydw0xJ5JjOT91w,edm
spotify:track:60wwxj6Dd9NJlirf84wr2c,edm
spotify:track:4ta97KyyCWLCQAAFtOWFpy,edm
spotify:track:1UPyhGntpIx9jGJ5UVtKVS,edm
spotify:track:3bXptsvAsA4gLaaRKMHsr0,edm
spotify:track:3JEPutvXNxGkHEB3L2KDZb,edm
spotify:track:3uXzBSx2eMKRTEP46SZ2fC,edm
spotify:track:3bUbOOpXfkdDlXg5iPGdJC,edm
spotify:track:3ohupB1Wm1Cvcyre7rtS9p,edm
spotify:track:3hZm2MqVqCLDoxGblUSvxj,edm
spotify:track:5bSrh2O6wZ3HcoRQItZw1U,edm
spotify:track:4KHDdWCH1NCtFv2mVGNkCH,edm
spotify:track:2nIDPOUOprhe14XoCK6gxw,edm
spotify:track:5jyUBKpmaH670zrXrE0wmO,edm
spotify:track:1TWfkGrhF7ob0nwB2M6knb,edm
spotify:track:1YDJ2f1JuKzYWZpRYiBYHu,edm
spotify:track:1DunhgeZSEgWiIYbHqXl0c,edm
spotify:track:3felG0BIvmmOoCIeE2A5vq,edm
spotify:track:76fqWMe0buqQoaNTIbLWmr,edm
spotify:track:1ag9VUoU406Hm1S9wYlR0o,edm
spotify:track:0ckWBCkfbtg6WrrUXCtFSd,edm
spotify:track:4QRZirU4s1f30iDHzuKncj,edm
spotify:track:30BBwDTjwHQf1ixFGaE2o2,edm
spotify:track:67awxiNHNyjMXhVgsHuIrs,edm
spotify:track:69kOkLUCkxIZYexIgSG8rq,edm
spotify:track:5YXqDxHGDwdiYpQ2P5IKzL,edm
spotify:track:1I8tHoNBFTuoJAlh4hfVVE,edm
spotify:track:6UO755OcSvOPVVZOaJVH7v,edm
spotify:track:6AE0G24YXnDyEgE4L0efpB,edm
spotify:track:6PtXobrqImYfnpIxNsJApa,edm
spotify:track:1KfW2MqAiGG01pWm34Y2T6,edm
spotify:track:6YUTL4dYpB9xZO5qExPf05,edm
spotify:track:5vQIaNoKsT4xkG1j2KFBFs,edm
spotify:track:4GqvWKAq6uKAcivJGnNAhR,edm
spotify:track:7gUg4GdOA6Y6yRDe36GIjK,edm
spotify:track:46lFttIf5hnUZMGvjK0Wxo,edm
spotify:track:5rpx047aanR0h9Rfp1wgBB,edm
spotify:track:3vv9phIu6Y1vX3jcqaGz5Z,edm
spotify:track:1Lim1Py7xBgbAkAys3AGAG,edm
spotify:track:2GQEM9JuHu30sGFvRYeCxz,edm
spotify:track:3xQjivjUZ4KnUslduTEYKC,edm
spotify:track:2P4OICZRVAQcYAV2JReRfj,edm
spotify:track:7gHs73wELdeycvS48JfIos,edm
spotify:track:40dweDLovf20EbZCq1Kwj1,edm
spotify:track:0NIC4unbe5KZOp1d9T7OaF,edm
spotify:track:0b6wdul3A5sQNpIOv03OxP,edm
spotify:track:0g5EKLgdKvNlln7TNqBByK,edm
spotify:track:2CgOd0Lj5MuvOqzqdaAXtS,edm
spotify:track:5WI2ltQIdwgzf1SNE76JyR,edm
spotify:track:6JyuJFedEvPmdWQW0PkbGJ,edm
spotify:track:7BKLCZ1jbUBVqRi2FVlTVw,edm
spotify:track:3MEYFivt6bilQ9q9mFWZ4g,edm
spotify:track:0azC730Exh71aQlOt9Zj3y,edm
spotify:track:6FzjJPwf5JzzFOei7h6Qrp,edm
spotify:track:1A8j067qyiNwQnZT0bzUpZ,edm
spotify:track:23L5CiUhw2jV1OIMwthR3S,edm
spotify:track:6Pgkp4qUoTmJIPn7ReaGxL,edm
spotify:track:6iC7vapdKp0XlKhxOkp8QJ,edm
spotify:track:6h5PAsRni4IRlxWr6uDPTP,edm
spotify:track:6jq6rcOikCZAmjliAgAmfT,edm
spotify:track:7ipGvvE90ROUNFw7ZBXBTO,edm
spotify:track:6Qng1hawspj0ddyexe0IHV,edm
spotify:track:6RUKPb4LETWmmr3iAEQktW,edm
spotify:track:3ebXMykcMXOcLeJ9xZ17XH,edm
spotify:track:5olBxXW4nmHm54xh1nolCM,edm
spotify:track:6uBhi9gBXWjanegOb2Phh0,edm
spotify:track:6ho0GyrWZN3mhi9zVRW7xi,edm
spotify:track:6RnkFd8Fqqgk1Uni8RgqCQ,edm
spotify:track:7ef4DlsgrMEH11cDZd32M6,edm
spotify:track:7n1940b6kHcaEewFSZXnXa,edm
spotify:track:0f996DWK1s2jQXIVZihKKZ,edm
spotify:track:2dpaYNEQHiRxtZbfNsse99,edm
spotify:track:4ut5G4rgB1ClpMTMfjoIuy,edm
spotify:track:0vrmHPfoBadXVr2n0m1aqZ,edm
spotify:track:3GT2CBmJWIEdCpHiB31WYK,edm
spotify:track:7JHdotEeGSIbtFuo4dVvsC,edm
spotify:track:4esEsg9IxiTAGMBQLe9XOu,edm
spotify:track:0n2nEtLP3OzDdi12ziIekx,edm
spotify:track:0VgtjIiWXKMxqtYnhHmQ8U,edm
spotify:track:5yR26TumS74yhIOGhn8Hs8,edm
spotify:track:0qU2KlUjsiSUHgyUdLSxos,edm
spotify:track:4ifmapBPmJb5Xu5kL5opx8,edm
spotify:track:52XKvH83AmddD5aHrF4bsb,edm
spotify:track:3Ag5jQdL5iSKYc4WDGSBWg,edm
spotify:track:38ApiUscIJpaQLpqzkRBAk,edm
spotify:track:5PNvgiKSwMdjBsDsgFCFLX,edm
spotify:track:0yU8ftsMI0LDMtee8TDsDR,edm
spotify:track:1coBBKWnPLu1lsDbuzUVIf,edm
spotify:track:66W1rVTnEv86dIkFhoiElg,edm
spotify:track:4jbWeX5w0Sa5BWBZpq5JU2,edm
spotify:track:7D5qMGajdfznFcXFArk5VE,edm
spotify:track:6TfeXwJihJRuBW3mFpib6J,edm
spotify:track:2NKkKioqCRazX2ag7NETqC,edm
spotify:track:2MUKw7zEirXqdZZ3xC4hOf,edm
spotify:track:1w8DxFHDDInmn5TovLKKrW,edm
spotify:track:5NJi42d7VDo8KPVksb7dS8,edm
spotify:track:0DmAvNCAK08oCi7miSZUIY,edm
spotify:track:1wjQEAV31X26Za9KRAmqwz,edm
spotify:track:5tAoU85Y6UgRd4DuTvP1k4,edm
spotify:track:3NJiiUeeDNxszTgl3gZUjK,edm
spotify:track:1JnS3qryKqKnKMG3zUlovN,edm
spotify:track:3oIVK7arAFuUOCGafPLxSC,edm
spotify:track:38MbUy2C0FLv6exayPlImu,edm
spotify:track:5J7A8bZU1GaZpbZrAkAq4r,edm
spotify:track:61ZM92T2zaXIVsqncThQzC,edm
spotify:track:2Xf6k7niuuyfY1aiHTe52d,edm
spotify:track:3MkatgbI2m9DLBdemIbKkr,edm
spotify:track:039VxfSo5FErqE65169VZL,edm
spotify:track:7xmNhQnKjSU7gQdwfds6mZ,edm
spotify:track:0TdY7XnkkM1oy2SxhzX4Vx,edm
spotify:track:17u0o2N543lAoM7jsH2Cbj,edm
spotify:track:2aOK6TRYn4DneIBHJOAQ4r,edm
spotify:track:48fPdAwGVoSkGK8GSez9yx,edm
spotify:track:5seWZTjT0U8a7cy3Y5NJQ9,edm
spotify:track:61eyaitcIdl1jpnc6Kb8M3,edm
spotify:track:7C1trmcQQ5n5RNy4l6ziCv,edm
spotify:track:08bDGEzsYd9ebCc7p23X4j,edm
spotify:track:133YafRPaKLYCR28FSbN4M,edm
spotify:track:5kHrTMIFqmZkuCkovsxRUs,edm
spotify:track:06kxa3al7bUqRRo5nAFduZ,edm
spotify:track:1OeEpViPwVi1FfdNkOoIci,edm
spotify:track:5cz0T1Q8AmpY18TDLAe2ja,edm
spotify:track:5L9q6ezwkinZ47fUwj2Jfl,edm
spotify:track:4FFgTmTBIYtkgbglR28hcR,edm
spotify:track:6iZVQLI9gs9kFRnmbQLzHO,edm
spotify:track:7KxFCQHFflx0ZlY9SPT5nW,edm
spotify:track:1ZHT4WSOuZPAl82T4nKWEN,edm
spotify:track:7ju97lgwC2rKQ6wwsf9no9,edm
spotify:track:1T4U8Q2DRfs6OUg8DEsRZf,edm
spotify:track:2EnK3rBq1KpRYdnCpCI9ps,edm
spotify:track:2gFCKUjX9ReT1IBf6vLxDS,edm
spotify:track:0rohJsT6NWsThpukt0Xxdc,edm
spotify:track:5LGEEhT48ta9X8vHGCzwby,edm
spotify:track:3XP8GMDnfqknsCtzzte9t3,edm
spotify:track:5RKS3CdNfj8QfqZHkjRMyw,edm
spotify:track:3KVz15nrLr0ASEJk1eJBcb,edm
spotify:track:6PRETxXZ99Idk2Xn5fE0Ok,edm
spotify:track:5nvBbsER3AjvqnptLds8VP,edm
spotify:track:55YMj9pA2x7CkC3NmDtBkl,edm
spotify:track:1BLEBmtsO40MUEFsr1TaFD,edm
spotify:track:47LpxiaRfEHfN3HI9sV4lB,edm
spotify:track:1lNONKKKTYFFWMLmPyHq6A,edm
spotify:track:0hz9lCgIKOtZthsP2JTPAL,edm
spotify:track:3bXiWZWR3CoZbhcsqfsMNa,edm
spotify:track:1UcHUptpztPA5gx7aToqPq,edm
spotify:track:5HFPK8mcO6BGPZNeZPZI5L,edm
spotify:track:2NZJKUPIGfJqLAzONNr4gv,edm
spotify:track:1J2OlTIPluzOmf3RX8eKhT,edm
spotify:track:0lUILcz1rv7jWT1DHV7k1c,edm
spotify:track:1vKhN4uPpLXW91qQ1Gu0z8,edm
spotify:track:7HXMzmHisLPilu3phwi73h,edm
spotify:track:50gPjAfjdq6BjEz937C3hm,edm
spotify:track:6cx06DFPPHchuUAcTxznu9,edm
spotify:track:2cdCC1aCXbvz9tXFOR6CxR,edm
spotify:track:4JB0EAT4BkLShTyTt50FmO,edm
spotify:track:6f3Slt0GbA2bPZlz0aIFXN,edm
spotify:track:4tcPIwy0UvLYjhXLrMyx89,edm
spotify:track:0cN1HSqR8CEtlj17sVyOvP,edm
spotify:track:24Yi9hE78yPEbZ4kxyoXAI,edm
spotify:track:4xnaRQjBsHrJY5hmxBlMel,edm
spotify:track:1tuXOJYN6CkgubpifHEm96,edm
spotify:track:67O8CWXxPsfz8orZVGMQwf,edm
spotify:track:5QYKmxfPsl69GgeZKDAVSx,edm
spotify:track:3dBhCtuadao82yo8tLrkVn,r&b
spotify:track:44CoUHnHQfw2T8qAvhIh06,r&b
spotify:track:1FZDFrdsn1xWTb47x39Qln,r&b
spotify:track:1pLdjo3lOBbMaoR4ZpybFH,r&b
spotify:track:7snmvZMLdGGk3l9PcvoYSM,r&b
spotify:track:3JdDBUiZ1UJv7J7RQqxEFF,r&b
spotify:track:6TlRNJaezOdzdECnQeRuMM,r&b
spotify:track:0JSjUt6FBuqzkZBhdDJA7w,r&b
spotify:track:2mp3sLUNQaJ025Lx5f4AAJ,r&b
spotify:track:7zSHKeISsRf4gP3tmdsfO1,r&b
spotify:track:0xiuSFBOEHWaJ6rSuUbJWc,r&b
spotify:track:2nRjJw4w4MUEtKIxu895jG,r&b
spotify:track:56z2qI0gKcPthQF6l8AW3E,r&b
spotify:track:66uyb66fKneVGdAR2hoODA,r&b
spotify:track:1TwVcKR6JojvPwBGbWZT36,r&b
spotify:track:3tZm76otWH20xzJC7icHCk,r&b
spotify:track:5j5v5wfw1O7g5iLCq10wAP,r&b
spotify:track:0pCDds54QUooGedfpHUjtW,r&b
spotify:track:6rrCS7rPbHX66fAea9fu8O,r&b
spotify:track:0ODFPypnJLE6hKgahiuSzn,r&b
spotify:track:2UXEwIOtNGUUgGdXnds8V7,r&b
spotify:track:0ieS2bue78yadTdPiyzsaO,r&b
spotify:track:0447V6bjlw5ERYGu3BEBnB,r&b
spotify:track:1oC2QXxUl8JtlmZr22qYP8,r&b
spotify:track:5ROnL6aB4p15CZ2sce0ciQ,r&b
spotify:track:6yLX8QnxlnEqZfs3YKCfjF,r&b
spotify:track:2a03afRiyAbNAleOByVju4,r&b
spotify:track:74mLqaoGbdKYmgUxoVxD6S,r&b
spotify:track:6GfEDFqhdtEO1RQSvSqgA8,r&b
spotify:track:3NEzjZbeSCy72Kx1clSYgC,r&b
spotify:track:7ANroj1yWw0YEGcLf7HO3Q,r&b
spotify:track:1TYEfvGTYpdimygplYu0Hk,r&b
spotify:track:6ctr1K7KzKErxbfGAynL8A,r&b
spotify:track:5R9a4t5t5O0IsznsrKPVro,r&b
spotify:track:1bPbiotvwSAYHG3ycVC2CV,r&b
spotify:track:7ecOjXV0WlewEXaRo2kLNn,r&b
spotify:track:578ow4LV7uZzZvYyqEBUVP,r&b
spotify:track:3oXNIpoUMdk8qGkwCeXqGv,r&b
spotify:track:1G6fZu8udnnkJgg8NUoHak,r&b
spotify:track:0Ri0LzOMJmqi9HGZE5cRYV,r&b
spotify:track:1Lhwn4PqeGpM4LTVUowW76,r&b
spotify:track:6uSa5iCMwPr10Ftpz8w09b,r&b
spotify:track:4IFYR5smTnHYCLP82AiDrJ,r&b
spotify:track:1CeizRCGEYPWooEeVfmyFL,r&b
spotify:track:3OUApyz3jDB3syGUNGqB1d,r&b
spotify:track:0xikWgPgYN9BEes0ieZ8Co,r&b
spotify:track:6aXGgKVRGXlMqQYCIQqo4s,r&b
spotify:track:0r4A3zPzMHE85Bb6hpsEGl,r&b
spotify:track:0iFOG4Ki9aDmJUYUFHQlPG,r&b
spotify:track:6ubNZ5edKBKH3MQKatUY3S,r&b
spotify:track:1dObJGQUgJ7tWxJ0byON6W,r&b
spotify:track:1mnqraQ8oV8MX92rdOFLWW,r&b
spotify:track:02QQXgeAghpU4smdM7l7We,r&b
spotify:track:7vKYuqKAySUizIkcAl4Oal,r&b
spotify:track:0KQx6HOpJueiSkztcS0r7D,r&b
spotify:track:4V2F0DZrAXOWq9hkwMMG3x,r&b
spotify:track:0Uyh92tLyb9JawG8lmWCzJ,r&b
spotify:track:08GOEVXupC6ECbulhPGQKm,r&b
spotify:track:5dNfHmqgr128gMY2tc5CeJ,r&b
spotify:track:2fE4MbwX3QGMzNaMjGVhtw,r&b
spotify:track:3lqT89gv8p3PYwXtr3ODjv,r&b
spotify:track:7wBThXx7BGZHJJ3aN3OPvv,r&b
spotify:track:1X1KDnhTnb28tpJlgOV3lD,r&b
spotify:track:10aWGOqSDBqvNzJ9NeKDbK,r&b
spotify:track:0bHs3ly4Bv5BlzE3KrePfX,r&b
spotify:track:6BIcjFZIVDZxNAcofRFPx4,r&b
spotify:track:0bgsj8kz5zWbQ6njk2Oqoz,r&b
spotify:track:5rb9QrpfcKFHM1EUbSIurX,r&b
spotify:track:7f1Dmr246cJ9uQYdbplTbh,r&b
spotify:track:58CrldAc1Z5WIBozT1NMJH,r&b
spotify:track:16NTJIUlJUH4HbxBGS5rvy,r&b
spotify:track:1L5tZi0izXsi5Kk5OJf4W0,r&b
spotify:track:2QsZVnbWVSjKMXK6K3uRBL,r&b
spotify:track:6gsmFgUiSTuinJlScwFODv,r&b
spotify:track:3aw9iWUQ3VrPQltgwvN9Xu,r&b
spotify:track:6XqpWbRo12wfc1kCmSdJNI,r&b
spotify:track:6brl7bwOHmGFkNw3MBqssT,r&b
spotify:track:6XsT5UGfpaFeHQf5LRIy4W,r&b
spotify:track:22NLm3IIR9NLG0cUYtmHMW,r&b
spotify:track:6RX5iL93VZ5fKmyvNXvF1r,r&b
spotify:track:0rT9f5BSZrZ6DvzfBEckG0,r&b
spotify:track:7BgUcOjSOlKJXASLgJ6bx1,r&b
spotify:track:1zpu1PZ8ecmcX525Z3X8cl,r&b
spotify:track:6LGwYMXXgURfaequXipzHx,r&b
spotify:track:3ibKnFDaa3GhpPGlOUj7ff,r&b
spotify:track:5PCJldueshnwqQVjS16543,r&b
spotify:track:0pLmfgIANOX9FB9uZDU43x,r&b
spotify:track:0UdqZQEbRWTkNXlh5kl2L8,r&b
spotify:track:4bnjq8zqtCnxTGxll5ezOO,r&b
spotify:track:7J41dYQolQJEtj3UmKLu5r,r&b
spotify:track:38xR2Gj2S5H2sLB9ZgJpHd,r&b
spotify:track:3XVBdLihbNbxUwZosxcGuJ,r&b
spotify:track:2YegxR5As7BeQuVp2U6pek,r&b
spotify:track:7Lf7oSEVdzZqTA0kEDSlS5,r&b
spotify:track:6zMUIb4uce1CzpbjR3vMdN,r&b
spotify:track:5IVuqXILoxVWvWEPm82Jxr,r&b
spotify:track:3LmvfNUQtglbTrydsdIqFU,r&b
spotify:track:4oPNN7syJYSjzDhRerF966,r&b
spotify:track:2Ch7LmS7r2Gy2kc64wv3Bz,r&b
spotify:track:0JXXNGljqupsJaZsgSbMZV,r&b
spotify:track:3xKsf9qdS1CyvXSMEid6g8,r&b
spotify:track:1zi7xx7UVEFkmKfv06H8x0,r&b
spotify:track:0WtDGnWL2KrMCk0mI1Gpwz,r&b
spotify:track:3JEJwjqLkg2Jbau5922CAb,r&b
spotify:track:0KKkJNfGyhkQ5aFogxQAPU,r&b
spotify:track:3pXF1nA74528Edde4of9CC,r&b
spotify:track:32OlwWuMpZ6b0aN2RZOeMS,r&b
spotify:track:60ynsPSSKe6O3sfwRnIBRf,r&b
spotify:track:5IgjP7X4th6nMNDh4akUHb,r&b
spotify:track:3GZD6HmiNUhxXYf8Gch723,r&b
spotify:track:1eUGmzzvahJjOSWgDHuRlv,r&b
spotify:track:5fEB6ZmVkg63GZg9qO86jh,r&b
spotify:track:4pAl7FkDMNBsjykPXo91B3,r&b
spotify:track:1RMJOxR6GRPsBHL8qeC2ux,r&b
spotify:track:2fXwCWkh6YG5zU1IyvQrbs,r&b
spotify:track:6b8Be6ljOzmkOmFslEb23P,r&b
spotify:track:3cJjqvXbFwiWgnuWgoyhPM,r&b
spotify:track:14SaZBTjxlorHJQxXh01Hu,r&b
spotify:track:6XHVuErjQ4XNm6nDPVCxVX,r&b
spotify:track:4osgfFTICMkcGbbigdsa53,r&b
spotify:track:7zFXmv6vqI4qOt4yGf3jYZ,r&b
spotify:track:0oufSLnKQDoBFX5mgkDCgR,r&b
spotify:track:2xZ0zfuDTv5LxLhEgD82PG,r&b
spotify:track:6qL5UWxRSQYml9O99ozoLv,r&b
spotify:track:43PuMrRfbyyuz4QpZ3oAwN,r&b
spotify:track:6oEVnWKgPqIEPc53OYDNqG,r&b
spotify:track:7DfFc7a6Rwfi3YQMRbDMau,r&b
spotify:track:6FBzhcfgGacfXF3AmtfEaX,r&b
spotify:track:0wwPcA6wtMf6HUMpIRdeP7,r&b
spotify:track:0q75NwOoFiARAVp4EXU4Bs,r&b
spotify:track:3LfHBTYZBTqmz43tvVXJBd,r&b
spotify:track:152lZdxL1OR0ZMW6KquMif,r&b
spotify:track:3a3dQOO19moXPeTt2PomoT,r&b
spotify:track:5NijSs5dAwaIybq1GaRTIe,r&b
spotify:track:1boXOL0ua7N2iCOUVI1p9F,r&b
spotify:track:7CH99b2i1TXS5P8UUyWtnM,r&b
spotify:track:4riDfclV7kPDT9D58FpmHd,r&b
spotify:track:6ZRuF2n1CQxyxxAAWsKJOy,r&b
spotify:track:2pg2TiYo9Rb8KeB5JjP7jS,r&b
spotify:track:6gU9OKjOE7ghfEd55oRO57,r&b
spotify:track:6u0dQik0aif7FQlrhycG1L,r&b
spotify:track:0PJIbOdMs3bd5AT8liULMQ,r&b
spotify:track:2Fyjjpg03fn7n5cj0Qm380,r&b
spotify:track:0f8eRy9A0n6zXpKSHSCAEp,r&b
spotify:track:5c3luoCub1Z1Gg74NdNtuq,r&b
spotify:track:2Gyc6e2cLxA5hoX1NOvYnU,r&b
spotify:track:5rgrBsAFYMun6yhtnLKRPz,r&b
spotify:track:1z6WtY7X4HQJvzxC4UgkSf,r&b
spotify:track:5VA4Ispp52EA1sOqzMz3Av,r&b
spotify:track:4frLb7nWtsz2ymBE6k2GRP,r&b
spotify:track:2ktg2oZDyFAX3iY1QNkXl5,r&b
spotify:track:51rPRW8NjxZoWPPjnRGzHw,r&b
spotify:track:4at3d5QWnlibMVN75ECDrp,r&b
spotify:track:34xTFwjPQ1dC6uJmleno7x,r&b
spotify:track:6CTWathupIiDs7U4InHnDA,r&b
spotify:track:6t90Z9XkdsHD8xMxro6KRP,r&b
spotify:track:5WoaF1B5XIEnWfmb5NZikf,r&b
spotify:track:6jG2YzhxptolDzLHTGLt7S,r&b
spotify:track:5BrTUo0xP1wKXLJWUaGFtk,r&b
spotify:track:3jVtllWS5CFFWLQng8sKsr,r&b
spotify:track:3nXrCAE44KlevAkQB2XWcN,r&b
spotify:track:6cEguiQecbXrFlsnMi2ysr,r&b
spotify:track:5nkUIVKqOqdpB6ApKgEMkv,r&b
spotify:track:0NTMtAO2BV4tnGvw9EgBVq,r&b
spotify:track:6Hgh47WXVKtXN5zGOu0hjI,r&b
spotify:track:4AtZRwSR8BOTTQg5ihSggt,r&b
spotify:track:7IpDQcksaT8SxS7vOX4SRm,r&b
spotify:track:6g0Orsxv6glTJCt4cHsRsQ,r&b
spotify:track:4h6ViRoztTBpWcJ1zFT9Zg,r&b
spotify:track:0Aa3g9EQoPNt6PiKjaUeb7,r&b
spotify:track:7vxLj7MREliG5i5vSnqSVr,r&b
spotify:track:4mL59LVbKgOpEACxraGYdr,r&b
spotify:track:3DZQ6mzUkAdHqZWzqxBKIK,r&b
spotify:track:6TqXcAFInzjp0bODyvrWEq,r&b
spotify:track:08zJpaUQVi9FrKv2e32Bah,r&b
spotify:track:5xjTqz4aYQeBnFhwMPmfx9,r&b
spotify:track:2SWbnWSe1onmbllRAU46uo,r&b
spotify:track:0fgZUSa7D7aVvv3GfO0A1n,r&b
spotify:track:25cUhiAod71TIQSNicOaW3,r&b
spotify:track:6wN4nT2qy3MQc098yL3Eu9,r&b
spotify:track:2wBCrtJS3E3TimRZ5MElTI,r&b
spotify:track:2gjidmxtA1pyj2HYrdOTG1,r&b
spotify:track:19gCnDoMbugHhF7eMpLpe1,r&b
spotify:track:4NYwy0R3NdvORX2B6OZXBT,r&b
spotify:track:6K4Co1NQyOnoFEJMkZHkln,r&b
spotify:track:2xRYnHQdLD9ketvC01UYYT,r&b
spotify:track:7LaI3mRTJu66r9HKdv7iBx,r&b
spotify:track:0rzNMzZsubFcXSEh7dnem7,r&b
spotify:track:18O00Y7yrkJ0pRXm1n21Og,r&b
spotify:track:3fBbfrWZUuWWrMQXFISr7N,r&b
spotify:track:01JPQ87UHeGysPVwTqMJHK,r&b
spotify:track:01jIO8SJFnpSiNLH1JaBZ5,r&b
spotify:track:3PFaFVWq5wucLu6s4baj9D,r&b
spotify:track:1It1TxBK3xIQAB4xJkPevn,r&b
spotify:track:5ibTi2YwtvbB1bTOv2I93d,r&b
spotify:track:3tZs3nVjySLbL320lP4mvs,r&b
spotify:track:0bxmVPKnEopTyuMMkaTvUb,r&b
spotify:track:5tqZJUHEuqdN12RZVq2l9p,r&b
spotify:track:3ZFTkvIE7kyPt6Nu3PEa7V,latin
spotify:track:6b37xrsNCWYIUphFBazqD6,latin
spotify:track:69Ej1xrGjOcHvIMtMKxK0G,latin
spotify:track:5gflgO9EPbIBf16n5TKnQS,latin
spotify:track:228BxWXUYQPJrJYHDLOHkj,latin
spotify:track:4NUt1fcnO9aQAELBgXq3Kr,latin
spotify:track:3UI9I3e1g1y5T3SMfdgfGO,latin
spotify:track:3b1IQflSLrgzYQPGFzI9cl,latin
spotify:track:7DhYjNLksXZhbRQeheAums,latin
spotify:track:2lnzGkdtDj5mtlcOW2yRtG,latin
spotify:track:65H6t1WQBim6q93yM8fEwn,latin
spotify:track:100Tm6z29RfHTdUQ6NIs0s,latin
spotify:track:7nDIflSHQXzaa8zupxwv3U,latin
spotify:track:6Nq5lE0CeOAAAqN4qhkbZU,latin
spotify:track:26QKsGW4hMuwiEE1ftUMHe,latin
spotify:track:1q8NdCAQ9QUjpYiqzdd3mv,latin
spotify:track:2RJ1fg4qf2vgZKifTa4HgA,latin
spotify:track:5BSclXJTa9B0iURhUjZo50,latin
spotify:track:4OyzSXRSadNQt5EMwASdap,latin
spotify:track:6kdCN6gTWLcLxmLXoUcwuI,latin
spotify:track:7mY1dIaY9vY6Jrlrjg3dRn,latin
spotify:track:2EM9zpAc7PVeoAydmbfVIL,latin
spotify:track:1SaEt8dwTuLDzenUu5BqI6,latin
spotify:track:5fSDXbY8o9pA3TKwAbfwML,latin
spotify:track:2FNqnsX74ZlwduUAcnmzee,latin
spotify:track:4m3vLNZkFAjm30XxPXf7E3,latin
spotify:track:5UJsYyBi0CdSJl0ul5aTgO,latin
spotify:track:16J6wH4Evm97ta1hDQIYQC,latin
spotify:track:5sgvzXoYFCr5F5tUZdAA20,latin
spotify:track:3yEtuhGR8jOtusa29jWrhG,latin
spotify:track:129lYDVKnWtlJc2PZJviuA,latin
spotify:track:1PZrHbJjt5t7dP9OGRxcD0,latin
spotify:track:1kQqiC1rS1FiuVpeBKN0QN,latin
spotify:track:3df4fSoW5zsdNi5Wf3K5RP,latin
spotify:track:0oXLSuno5adlHcPzlzs8l6,latin
spotify:track:6fqpsCQ7jF7OgQolXgYovX,latin
spotify:track:0dEPlb8waIqRtKpLb3l6So,latin
spotify:track:3dtGHZyEGmKSmQoAPcbvyb,latin
spotify:track:13plQdOoWSSXPRUSZc5FuM,latin
spotify:track:2JBs412fpVUuzIaIp3CyIs,latin
spotify:track:3T07pNAEVr9adeIG9i1ex4,latin
spotify:track:61hJK3EfAd1LDk7x5OrCTc,latin
spotify:track:56tOMi4N980gmsdUoyaLb3,latin
spotify:track:0t0WIrjRcvgBAwLlby2gsZ,latin
spotify:track:2ndnVdR8si7CW9T8vJRHyW,latin
spotify:track:2ZqFfDwNjKvPu3USx3onhO,latin
spotify:track:15f8Cv8RXUlOOCIf2oaceN,latin
spotify:track:7F7qwp7VZRVwZsNoddRRgX,latin
spotify:track:0TSO6afZViXH6OUlIMl6m4,latin
spotify:track:3npbtkmTdUlRxGFxViDD0K,latin
spotify:track:3OIoy3TNU7CL5PTaHOGmbR,latin
spotify:track:4pmRDyDRRiZ5Pq7hm4WTpb,latin
spotify:track:06p2Ij0lXD45LODQDCov0u,latin
spotify:track:0DQd0tWurMHUAv0cMnDELH,latin
spotify:track:2AW8HXB5U4QA0ZmApbRM0B,latin
spotify:track:0svWUjefj6RBlIQxA3VCvx,latin
spotify:track:6UEfyhyfhYQsyipxOd95Ie,latin
spotify:track:3J6vrRMz6EfwH2sgYiyNhc,latin
spotify:track:7e6PEtKY008duLXsAJ3TVQ,latin
spotify:track:0JAGODD5w6MeYQzA9lV6Zm,latin
spotify:track:5A32KQZznC2HSqr9qzTl2N,latin
spotify:track:1crk0MXXyFQ1zVow6YTJOo,latin
spotify:track:5nmLj87o23HJrI7GgqXXUw,latin
spotify:track:1AjQE5MtP5jHQMyDepbvLI,latin
spotify:track:4tAru66VGVLWYjg90UV4vJ,latin
spotify:track:2up69Rho7swRdP1MHqzX3n,latin
spotify:track:0GXGsFQeB1x5H21xjTF2j5,latin
spotify:track:2USyvcBpPjhW0rgiD2R8Bp,latin
spotify:track:0c8f8b76ThPP2MInXEZyTY,latin
spotify:track:7hbgCKddEQhCVXHsMdHebN,latin
spotify:track:1neSvFc8QotDXOJtXY7b8M,latin
spotify:track:61HuVAedKGMO7jWl8ZyALQ,latin
spotify:track:1xbw6jObdWhPSoN9MflOSA,latin
spotify:track:5xXYuYk2CzHfk3kLKYmRRb,latin
spotify:track:3BmwNuqx9pCqjLplOVNBLY,latin
spotify:track:6rPO02ozF3bM7NnOV4h6s2,latin
spotify:track:4ipnJyDU3Lq15qBAYNqlqK,latin
spotify:track:3QHMxEOAGD51PDlbFPHLyJ,latin
spotify:track:32lm3769IRfcnrQV11LO4E,latin
spotify:track:2a1o6ZejUi8U3wzzOtCOYw,latin
spotify:track:58q2HKrzhC3ozto2nDdN4z,latin
spotify:track:3gE4eQH3K83Sght0ZLvuBK,latin
spotify:track:5PycBIeabfvX3n9ILG7Vrv,latin
spotify:track:2ijef6ni2amuunRoKTlgww,latin
spotify:track:6bNB5gxFX6Q87DbQWb8OWZ,latin
spotify:track:6ifUES3keWjwXgae8pXI3o,latin
spotify:track:2bJvI42r8EF3wxjOuDav4r,latin
spotify:track:3lGMtkONrZdJ8kTCg6KIFf,latin
spotify:track:5w9c2J52mkdntKOmRLeM2m,latin
spotify:track:2TH65lNHgvLxCKXM3apjxI,latin
spotify:track:4skuEIloXWuxxgekKupkEH,latin
spotify:track:1m69ELEgE6k5ZWsap40ozt,latin
spotify:track:6mICuAdrwEjh6Y6lroV2Kg,latin
spotify:track:3V8UKqhEK5zBkBb6d6ub8i,latin
spotify:track:63bmZnBN1CiJ9sA4qTEe8y,latin
spotify:track:0lPXFrKyl8HkdQ2E6NmNja,latin
spotify:track:3GSMdtJphymHEsR8K9jT5Q,latin
spotify:track:68QcquxCS39cQGTsRrJWIR,latin
spotify:track:6Za3190Sbw39BBC77WSS1C,latin
spotify:track:5W83ErFkO3aKAIS1WMi6u0,latin
spotify:track:1j6xOGusnyXq3l6IryKF3G,latin
spotify:track:5YUyW9opqNsMSEzzecZih1,latin
spotify:track:0OMRAvrtLWE2TvcXorRiB9,latin
spotify:track:5iwz1NiezX7WWjnCgY5TH4,latin
spotify:track:23WI5V2eD4EyGKxSl7Pyeq,latin
spotify:track:5lhcHMDQpNwhM62lSOrvLf,latin
spotify:track:4QtiVmuA88tPQiCOHZuQ5b,latin
spotify:track:3Ga6eKrUFf12ouh9Yw3v2D,latin
spotify:track:1RouRzlg8OKFeqc6LvdxmB,latin
spotify:track:5u5MvmVtitax9R1Mxh3reC,latin
spotify:track:7qCAVkHWZkF44OzOUKf8Cr,latin
spotify:track:7M6CFruBrM5x7u0lTMtm6r,latin
spotify:track:4Ft0391aLVNtCPPseh98lp,latin
spotify:track:1O18MtSAMUk7JfAVB8gGzs,latin
spotify:track:3YmA3gZqlXl0MkwhkVKxRy,latin
spotify:track:3AEZUABDXNtecAOSC1qTfo,latin
spotify:track:0KoiMHhqKLoL4xM54rcWYY,latin
spotify:track:0FDMH2ahuIVzCybwHJK9zh,latin
spotify:track:6Q4foUefrAyCt8VxJFML56,latin
spotify:track:3kNVYo6BJE9AENxzokM9YC,latin
spotify:track:6cJLfIqwh0tCKRjYM3WpZ5,latin
spotify:track:4wZqjBJCs2tD7AV3c2UUh5,latin
spotify:track:1Ej96GIBCTvgH7tNX1r3qr,latin
spotify:track:2UypFzxfaYgMUnQX2k4qtj,latin
spotify:track:5kIcrM3QVD4BQPFMszQnU1,latin
spotify:track:0VKkyBKCXyR99navhVRqcP,latin
spotify:track:5Uel5PmPBZICA0TQTI912U,latin
spotify:track:6IfMD01z39P15HKezjdaMP,latin
spotify:track:75zvC8d4iozawMJvxt8T1f,latin
spotify:track:6FyRXC8tJUh863JCkyWqtk,latin
spotify:track:68sQIehHsGohLMgcP5nlND,latin
spotify:track:2oJH69cuNyWpCmZyTmvrEN,latin
spotify:track:456xBIOmLRoLzCvCzZrWge,latin
spotify:track:5jf0PmPCHefQ78uAzqIqbj,latin
spotify:track:1lxswgIpzV6HhENRvkflES,latin
spotify:track:0jr6tT2vc4cIFPHb6wufG3,latin
spotify:track:37kCg5izHEMZ66xGdMVG5L,latin
spotify:track:00i0O74dXdaKKdCrqHnfXm,latin
spotify:track:7LABrQFfRYcZUqUwng0Heb,latin
spotify:track:7lOzUJzsELALh5FQsPKTEn,latin
spotify:track:1B0BQaSRHxhI0AUlItY3LK,latin
spotify:track:3VK8copXwqvAueMPhnBe6K,latin
spotify:track:1uwPEGzopXl9KawQR1JGXq,latin
spotify:track:4PpuZIMmeng6qPicveSI22,latin
spotify:track:63USmok1OioBzKuWGW9wAg,latin
spotify:track:1x5Fqllow3ngr5euK3hXSw,latin
spotify:track:4777sGsOdoM89vPH3CVoLe,latin
spotify:track:18mmN3VrFWRi6SsSBJf6WJ,latin
spotify:track:61aPpbJMAD5BjWkiHeX9R6,latin
spotify:track:4PR0r2us3a64lTew6TVlF2,latin
spotify:track:71t9GoojGIMZLySI6imKFY,latin
spotify:track:3fk5fBFB27GbWGATdBpOgr,latin
spotify:track:4pIiKrGXCgTZOAFGJjCEvL,latin
spotify:track:7JNh1cfm0eXjqFVOzKLyau,latin
spotify:track:7yAwyQ2np0KRjeXsGwirez,latin
spotify:track:1rXojdsUqqxGj2WCmJGWHP,latin
spotify:track:0s5DNDV6LAKn2u2Ufa3VjQ,latin
spotify:track:58rgceeiYu1wFneDP2j5LJ,latin
spotify:track:7gcMKL3lnDxsp4bIXyv6Zk,latin
spotify:track:4Egb5xP6cniUx0kgZd5zLB,latin
spotify:track:6Sq7ltF9Qa7SNFBsV5Cogx,latin
spotify:track:7dSZ6zGTQx66c2GF91xCrb,latin
spotify:track:23Lyy7ZXRvzfgH4JtDkKrX,latin
spotify:track:2rurDawMfoKP4uHyb2kJBt,latin
spotify:track:7iwJOi3hlMqZt6pj1sQOBj,latin
spotify:track:1O2pcBJGej0pmH2Y9XZMs6,latin
spotify:track:5fwSHlTEWpluwOM0Sxnh5k,latin
spotify:track:4gzsuuZypVbxs0Af1LSZyB,latin
spotify:track:6i1g5ZRmJZAkDwBaUZ3f2i,latin
spotify:track:2JPLbjOn0wPCngEot2STUS,latin
spotify:track:5WEt9MiZPNmCbhu8GOR9Kk,latin
spotify:track:3PpWCS95gDUDRPko3u1MZ9,latin
spotify:track:6DoL1yYIwEW7VZMRaJhoJI,latin
spotify:track:1UdzJEpgJxtuXAlCOvD4S0,latin
spotify:track:7gwT3HGL84vF7bgtwL1N88,latin
spotify:track:2hLXUbsOU9cDb9RFva9FYr,latin
spotify:track:7MkylDYvKTSuWgrsBhHlsG,latin
spotify:track:1Y62KpDaP5MEL43ZcI6IaG,latin
spotify:track:3gfSH9aYZbyGjdmbeoWliw,latin
spotify:track:1dm6z1fWB0cErMszU25dy2,latin
spotify:track:5TMLavqGRKNxgzMBrVpC9R,latin
spotify:track:7kYbxvrGXv8cmKjkqgqhrw,latin
spotify:track:2z9YkcLojiOE7Eu2p9lPZR,latin
spotify:track:1ri9ZUkBJVFUdgwzCnfcYs,latin
spotify:track:0G2zPzWqVjR68iNPmx2TBe,latin
spotify:track:6VAS7m73rDopQe7BdrFMpD,latin
spotify:track:4fSIb4hdOQ151TILNsSEaF,latin
spotify:track:2vmfvSoZBFAt9hhRoEByLi,latin
spotify:track:2lmWwBLVJ2P0HX491zkYws,latin
spotify:track:4HzqWEdAbzcVFDv0pvxV4w,latin
spotify:track:672zDo2nzWSoIIQ7zD5kuj,latin
spotify:track:6Y46tOTRhkBamosyuWa6YX,latin
spotify:track:3IAfUEeaXRX9s9UdKOJrFI,latin
spotify:track:6ZOcbKub95XSDESsKKuH41,latin
spotify:track:4hceSKjrkDTO0nMKFcb3sj,latin
spotify:track:7dMTCS9BLzBqYTlAuHP8TM,latin
spotify:track:2BEcap3xJtmiPaHKyfQi4e,latin
spotify:track:0Be7sopyKMv8Y8npsUkax2,latin
spotify:track:6y8z28epOv5FlaxDv1Lo5B,latin
spotify:track:0HINQFSerZ6iMfSsaTO3G5,latin
spotify:track:77l75UICfUZK5k0G7WRGqg,latin
spotify:track:3AbNNvo2OmyeDMvRBgf9vk,latin
spotify:track:3JCaq3KDSROg3TXhdiDa9n,latin
spotify:track:704LUEih663hiE3CnyUrFW,latin
spotify:track:63OA8vSo2PhUkmQopR1l64,latin
spotify:track:3SlKme42qm1vWrkl3BrZmm,latin
spotify:track:7d7aPD2oxuzjhOZnu4Dj23,latin
spotify:track:2IzV2SPZQLadtA46ni3ICq,latin
spotify:track:1gYtMKmICjH8KQG3MheNJt,latin
spotify:track:6IPNp9PfaEqrzotY47TIWy,latin
spotify:track:0vHfVsEe6Ps0d8cZ9PGzSw,latin
spotify:track:1aUq8rjW1EwkAkMri4VfJy,latin
spotify:track:7jfmlr5W2AQWUGLVhT8ofl,latin
spotify:track:6w8yBI2vthyN9UnwO4UBWb,latin
spotify:track:3UytZp1xDkNkROyIwE7DbY,latin
spotify:track:6PDlkWmrq2ZKiUuFt2aQsH,latin
spotify:track:4SSbtLDkepeOHAckM1FCBP,latin
spotify:track:2gpQi3hbcUAcEG8m2dlgfB,latin
spotify:track:1uK5rDY3BnikyG0sl3tPpc,latin
spotify:track:6WfxIJKmYRSpsBJv0tEAKX,latin
spotify:track:4v7riPZWyAclrOfUSwD0zp,latin
spotify:track:57GWBz1UtT6iei1jrbkovI,latin
spotify:track:4bF2y8rR7GUjrd5LNEvej3,latin
spotify:track:4WkEH0PgystZUaN6QU6Z0B,latin
spotify:track:7kN7u1ZDOrNBKcEEGwGeDY,latin
spotify:track:6riuMNiPqRmE4LPJZGzIuv,latin
spotify:track:2Q4MRMnSAMckugCtR5jgXT,latin
spotify:track:0Yc0ziTsyjahYqlWXVXlTU,latin
spotify:track:39qtjJ454r2fgyXaenq8Wv,latin
spotify:track:7Dk8r4VR5NoveUvTiCKEXC,latin
spotify:track:1wcE84DVQUF16xudVFzezL,latin
spotify:track:4BBTalxG6c1Aoai1x1EA5g,latin
spotify:track:2oNSHvGBGZIrZouRAA1eaX,latin
spotify:track:4IsO1J5LSrVwkQOIEdZ417,latin
spotify:track:1ycIhjQ4fQp2WqNFpSDEcX,latin
spotify:track:5enNYN3hDG4Dsey9WsF6TJ,latin
spotify:track:6GPBXtnSepHovJi1uD1Ggj,latin
spotify:track:3M23T72K5eqHI2GzdFMMHE,latin
spotify:track:0rsTDgGRlXKuzSAxcdb4Ns,latin
spotify:track:5b1je14Oz92lpIlIMLieWw,latin
spotify:track:4AzomjMRpr1NMNE90ZIOD6,metal
spotify:track:2bPGTMB5sFfFYQ2YvSmup0,metal
spotify:track:5hheGdf1cb4rK0FNiedCfK,metal
spotify:track:0z4sFQ2yzLbjzSsNC5qAkD,metal
spotify:track:0KiRc3f3OI9C7s0S1QjQNO,metal
spotify:track:3ZXZ9RMsznqgyHnyq0K5FL,metal
spotify:track:4UEo1b0wWrtHMC8bVqPiH8,metal
spotify:track:1G6czdqgskwJ4cBgx9CDAJ,metal
spotify:track:03sEzk1VyrUZSgyhoQR0LZ,metal
spotify:track:5KzMpwYY3TPyZKQk9pgJ1k,metal
spotify:track:5uunXHE4kIW6uS4HWAXaOQ,metal
spotify:track:6qopop1Rc9r1RjEIBQhc8d,metal
spotify:track:5sEcwMeC3QDnSOWlyQyQ3E,metal
spotify:track:1YBf7Tq9bpcVwvnlP8YbQS,metal
spotify:track:28kizMSvL3DcCGINWSOUjq,metal
spotify:track:7uSU0K9BZg2ZHhWCrmTHZn,metal
spotify:track:4aFWkdchi4AsumBseKYqCg,metal
spotify:track:5Q5JuwRUZQVNXTCoAkjgQf,metal
spotify:track:1XT5VDdxwI2Bx01MxURMcz,metal
spotify:track:0cdMdBEDnAVea6vPPJTckS,metal
spotify:track:2CaZCVH2Z79ABFcsHzUU6y,metal
spotify:track:0STulCDDe14a96rnXmgtUb,metal
spotify:track:6ypKaenmVXMCXvlkfYOpjf,metal
spotify:track:4Ku3OOZWR4tpKNCVFXILY8,metal
spotify:track:6pTtc2sEanQArBBNUSmz5d,metal
spotify:track:2rsho1vI3L5o65QOjM5Mwx,metal
spotify:track:1kbwEcixFWVj5dFO9Kso3J,metal
spotify:track:1iDugXsvJ2cb5snhHP3t41,metal
spotify:track:27DqUMdJj95IepK9TuvRDy,metal
spotify:track:17ZOICUf4FYlzOAQajt3rN,metal
spotify:track:7yIAdtIAx9c0bQK36o27a5,metal
spotify:track:2jBFDAmXYvioX2unGiQbtk,metal
spotify:track:3IKJNHnVZ2bXGjAFBJiUYo,metal
spotify:track:5ItDoy4fSykvQgdsqGPfBc,metal
spotify:track:4G8EhnfKvBQVlOJ4xXCHpQ,metal
spotify:track:3vyzmdSWjqGq17xpf2WRAv,metal
spotify:track:4X5g2t99BTuLQIRdjGw1Fn,metal
spotify:track:0WZZENH0kt3O2cBE8q5IRq,metal
spotify:track:1yYr4D1KjhhyDD5bZIiFQy,metal
spotify:track:65POu6kUQdR33JxwN92afX,metal
spotify:track:5JNBCWn4AmgSVX1iRsWToE,metal
spotify:track:5mpUKTdskZea0gStWzeHUZ,metal
spotify:track:4PWxt9Fy949kUtkEi2GI5V,metal
spotify:track:7GwtlmQVrqyoggPraFXXvJ,metal
spotify:track:1CNgHpT1QSirrgWpMSl9SK,metal
spotify:track:6b2eZuiWSqsjwXtpN2605Z,metal
spotify:track:2fed1yXI1clOEddfGyKyH2,metal
spotify:track:6xXIMiJeAHZZcoReecFZwD,metal
spotify:track:6bSZPUVSKdGjSdeEEPzycS,metal
spotify:track:1STzQvlMovhX8WOn8TcKmZ,metal
spotify:track:1ZR4QAYsiO9zPsGaMPW2OI,metal
spotify:track:0gLiODa22mXMnQFwvqyMdf,metal
spotify:track:5mY8mY7DSfuqVbY2psq3Cg,metal
spotify:track:2PLirrZcdQU2uQ5UesXVkS,metal
spotify:track:5XMc5tKC1OkXsxwprNwy2W,metal
spotify:track:2SV69wiCCKzoFLDs6NWM5N,metal
spotify:track:0xcF2mC6MktbXOT7kRiXoF,metal
spotify:track:64VLqyvVCCAXyqKCqs40z8,metal
spotify:track:2MYVKTjT1xknuEyaWCngA6,metal
spotify:track:4WsQCb1Atrhbb2I78hHCNG,metal
spotify:track:2b9xv8MjY0PtswCDQtlS62,metal
spotify:track:5OUYEGNX5wTLUXmHfuGfNY,metal
spotify:track:79DHdvI3WjP9DGmJL0upxi,metal
spotify:track:6Y9hbtN9uwTH8YCfaEKoNz,metal
spotify:track:2r0H9GPWHqxlopFd9WAEdF,metal
spotify:track:6zic4tNd5P9HQZyLvQDCtR,metal
spotify:track:2DlHlPMa4M17kufBvI2lEN,metal
spotify:track:5NHTtXGCdO7ul16xr0q93w,metal
spotify:track:61mWefnWQOLf90gepjOCb3,metal
spotify:track:2nLtzopw4rPReszdYBJU6h,metal
spotify:track:40rvBMQizxkIqnjPdEWY1v,metal
spotify:track:7CpbhqKUedOIrcvc94p60Y,metal
spotify:track:1kdiiFGX1Htx0aVZYaDwEJ,metal
spotify:track:0INUE1K7cEiE8VH63Rv5RJ,metal
spotify:track:4w3R0GZ2rScJMKlgPJzHRq,metal
spotify:track:2avKuMN2QXkaG9vvHa2JLt,metal
spotify:track:0snQkGI5qnAmohLE7jTsTn,metal
spotify:track:6wqJeItl3Vc3az4ZicSQAB,metal
spotify:track:3o7TMr6RmIusYH7Kkg7ujR,metal
spotify:track:60a0Rd6pjrkxjPbaKzXjfq,metal
spotify:track:6RJdYpFQwLyNfDc5FbjkgV,metal
spotify:track:7nsO4eXkY7DvrWbjYUDLJS,metal
spotify:track:71fSn6OIF7HnCbgCzOBqpj,metal
spotify:track:7zAt4tdL44D3VuzsvM0N8n,metal
spotify:track:18lR4BzEs7e3qzc0KVkTpU,metal
spotify:track:3RAFcUBrCNaboRXoP3S5t1,metal
spotify:track:4e9eGQYsOiBcftrWXwsVco,metal
spotify:track:55mJleti2WfWEFNFcBduhc,metal
spotify:track:7uIF6RDrW2PwvvYEMkanr8,metal
spotify:track:6zKF4293k44ItKWJJgrhXv,metal
spotify:track:0Y2i84QWPFiFHQfEQDgHya,metal
spotify:track:6holGuk1jKHTdWyWBOZi8l,metal
spotify:track:3K4HG9evC7dg3N0R9cYqk4,metal
spotify:track:0EYOdF5FCkgOJJla8DI2Md,metal
spotify:track:3sHH7lklbfpcraDDvYnjo7,metal
spotify:track:1lATXTBJDHwawvT1UfxWu3,metal
spotify:track:4urxRqBRiaH0i20OKBsgxc,metal
spotify:track:5bU4KX47KqtDKKaLM4QCzh,metal
spotify:track:5XfQTbialQHn9PhDb0p85H,metal
spotify:track:4Yf5bqU3NK4kNOypcrLYwU,metal
spotify:track:5DooySfCD1xCJ49gQm9rx7,metal
spotify:track:1yc53HK08sDab7PDFgnLWk,metal
spotify:track:78XFPcFYN8YFOHjtVwnPsl,metal
spotify:track:1AzMYJm6qTAullM3UKuPY9,metal
spotify:track:7IoK6jZBxY7NMoQPoPXZCF,metal
spotify:track:6xXlurslWqFuyqTCBlErzX,metal
spotify:track:5axOkQnmQmwtjr4bv1Xt7i,metal
spotify:track:1WxF4gMsFXnKCyh48CW2RI,metal
spotify:track:2LQbBzrXkgQHnCDUmHjReH,metal
spotify:track:3OYZWMm5m2DEwq2Tc1ukTh,metal
spotify:track:3a9urnht8HvfFzPwd0ipx6,metal
spotify:track:3tS1VMpxp9bLn46Cyh09el,metal
spotify:track:0JBQnLKfLXmlkquabLtAgd,metal
spotify:track:5DbAOJ5dYW5A9xBhkeb33t,metal
spotify:track:65ShmiE5aLBdcIGr7tHX35,metal
spotify:track:4eGHEHqoDMMejzPhRFTc7p,metal
spotify:track:0eV3PB3T0OxW4feG1DlOjQ,metal
spotify:track:04EtBLFIxbcVt9NdYgcrpF,metal
spotify:track:3jagGO7eHHuaD53ibehkux,metal
spotify:track:35ZmCVnfYRdK1iLGCxNhMa,metal
spotify:track:6nnacTL5on2aVsRhVDNUSo,metal
spotify:track:581mukhDjta60CCwpvnjL9,metal
spotify:track:7vrLphPq4yjaX7jiDdd2Nc,metal
spotify:track:5ugzDiilhy6ILKmKfhEzd7,metal
spotify:track:1gzWd0ILFaCoHUfQSkCIvl,metal
spotify:track:1MoEyYsa9Y0FvApwLskO1l,metal
spotify:track:5u3l2TONYacJgmRPQVaF9y,metal
spotify:track:6KnNDix4Owr4vNmsPhLmxD,metal
spotify:track:7tvuLLroI0n6uYBWuFig5d,metal
spotify:track:2nUy0ifVE7UwtOK4rugFsP,metal
spotify:track:19fYhk0wzXqUOoBqkPsYCP,metal
spotify:track:2T2vudIHfVMA5ychWTU3KA,metal
spotify:track:4E6wpXABj8XosZEPXZz2OK,metal
spotify:track:5CLQ70QLoefhq3VMfoDl4w,metal
spotify:track:24CeaRaJHiMKFAVZTCu8Y0,metal
spotify:track:2WmbbiWfFEKsSZe6E5GeVe,metal
spotify:track:45R6DmpsaoqLujIn6qPTPH,metal
spotify:track:0EtzpDX05udzfLcGntGbGU,metal
spotify:track:4Vb5Y6RQztThqqqFre24wL,metal
spotify:track:0xfWKcNu13xxXQ2GT0P09M,metal
spotify:track:33ayEZDfgARpadIdqo87JQ,metal
spotify:track:1UwwbPgKGOoSbqqHm9Xxzn,metal
spotify:track:27sTzAelgljD6Uxp88BqA3,metal
spotify:track:2DR9AzDhYeStkHupvU08FC,metal
spotify:track:4qjvr0qMFUo26SxwC4VygS,metal
spotify:track:6LhUsJiXAuxoalUz01evh0,metal
spotify:track:2MAJJJu89ogKPctelr3F7f,metal
spotify:track:7jClgHzR5JG69gar7rVMoX,metal
spotify:track:0W43LnKXzRivi0WPaoBLVO,metal
spotify:track:5tXPbEbEouMSEbqQHO0qQa,metal
spotify:track:5ghMfHMHakVS0omjj2cBSA,metal
spotify:track:7BbrlQk1YHVjHVyoGEpDV2,metal
spotify:track:2gqzkEF88vMclfRZEIOnQO,metal
spotify:track:0sObxZUKqdPfgjG9ahSlP5,metal
spotify:track:2cxbNLOKc9CtQ7hcH88ma3,metal
spotify:track:3iUJrkMilUVkUKtYZK7Th4,metal
spotify:track:4Lxn1JlGJwmmXpODrNvPA6,metal
spotify:track:5axwj3ekvw85989jjO8Ov8,metal
spotify:track:3yPQrLnNIthn4I5wQ51X26,metal
spotify:track:4QWLhGVitrCCysR3ugX9Xw,metal
spotify:track:47gjUao1XjSO4fvVRm9L55,metal
spotify:track:2zy79BntQ1kumEUeqM5O84,metal
spotify:track:2gUrjc9fWHZytKm6FtBY7E,metal
spotify:track:5MLwqi4ybLiYq6dfCpECWT,metal
spotify:track:501CSzS4gwNOJnlWHuBt9r,metal
spotify:track:71KtwiEpzcn9WxwlaS7ZJY,metal
spotify:track:1U9qg9EnimTg75HsrNSGwQ,metal
spotify:track:3Sg3bOiD0kE4D5DcXk48Ds,metal
spotify:track:5hsq03E3do2gWhyOVV2Api,metal
spotify:track:50u4ULJa5reFweVa8QlAJa,metal
spotify:track:6pqKUfCoioWVFiYiGN33UN,metal
spotify:track:3KL9YbXOC53tHPPV2Lvrsu,metal
spotify:track:1iVqb0ofDsEWkYotCej6eh,metal
spotify:track:2hlkONIHvQp5dbnwLTtwhz,metal
spotify:track:3r6nITj1IApceDUdznT1eJ,metal
spotify:track:56qkrMwEzu4cR4UrG6GHiL,metal
spotify:track:5LteMwtmnx3IOCihvyO4v0,metal
spotify:track:23JQAkxX31TdtYvjrsXJLc,metal
spotify:track:56L2qegbpORdtBsNnNcALd,metal
spotify:track:3bMIA09NJM3UZAhxS7bWqA,metal
spotify:track:37R4aMmLKMberEOPKZidH8,metal
spotify:track:7kbPt2yCVx50E0vJcWz7ad,metal
spotify:track:42iSlpI9hVVDk79EK86rvP,metal
spotify:track:2KjMWAtmj3nIICFv6Gfqdg,metal
spotify:track:3htQm2bX8ggAWs6vxGAR7k,metal
spotify:track:3FNoShKmJkVElO7J43RreL,metal
spotify:track:2wjPbSrLzW1sK2tmSGJFMv,metal
spotify:track:5XNNFCD0G6Tg5ShAlru3a6,metal
spotify:track:1Td7TGT1XtK2ojUjz1mGUV,metal
spotify:track:0LtZ0J7wBewtpjA6w98MlC,metal
spotify:track:2IrdmiRatVE5s3l2YRcIXH,metal
spotify:track:04AMoUcrIMIFeWPliEughV,metal
spotify:track:0yK3bCcDM5cDDykBlQ5S2w,metal
spotify:track:2a3sZJP4uTrNQbj0EdiUuV,metal
spotify:track:0IdJ2fQSlQTeNuuA3Xznfm,metal
spotify:track:5nLZDKOTptjsBckLJ3Qxbo,metal
spotify:track:4WwWY05eJLYDCtu4od1kcN,metal
spotify:track:3orHIz1YV1bmUHsi2fze48,metal
spotify:track:2pSWdyP8DdwO8J0bmkgimf,metal
spotify:track:48ghGG0Hpg8kN9oG5a2oua,metal
spotify:track:2AmNMxBh0zEprA7kFGPbuN,metal
spotify:track:6rZNN3qypw00iMH3Awrpfe,metal
spotify:track:7KWVpHz6pxRnspbgdUXLGQ,metal
spotify:track:5JUmk2Bl9wrvjA1yt6uNtL,metal
spotify:track:6kjEZNcvRZZW1h4E6x8HJD,metal
spotify:track:2OYsvyGuX0lWODlLRjxxLA,metal
spotify:track:7xIaiazBlarIymS0mbnTgc,metal
spotify:track:4naGp02ehY7ZHBFh2rGBID,metal
spotify:track:4yWsHP4OVR99M7unjm16S7,metal
spotify:track:4YOsgTahhiYXmRNjTvpp5d,metal
spotify:track:5XicDGO9b2CRpMLTVmUvzf,metal
spotify:track:2OsCkXO8524Qxwe1pR3eAb,metal
spotify:track:22U95XwDe4CtFzp4ZO3aTa,metal
spotify:track:1T2klRBS3Igp6wsr7L8Ol4,metal
spotify:track:4tVzcd2nExn6zGYJRHwV4q,metal
spotify:track:2UCdRjnQpCkFXK6OmxghXZ,metal
spotify:track:7AZNgOnR17zOo1i2rbUVLA,metal
spotify:track:2dm5txVoqHEW40k2DhnqOO,metal
spotify:track:55qmxCQFReKqCDuxIY75qI,metal
spotify:track:1bmDf8qcqTcwAgWKpFIF8K,metal
spotify:track:4cCoWTdjeDw42O9ZXVsUCE,metal
spotify:track:4akq4Vvju8UH6u0B1hPTQ4,metal
spotify:track:1pWJlgPfYTrHWi3ghVpAvF,metal
spotify:track:64teHMfCjRHdnTx5WbH8cE,metal
spotify:track:6cXVFsJ7biy5j6aWuexKCb,metal
spotify:track:0Y7pbxJeP2a2OUQC2yHFyV,metal
spotify:track:22XgIzBsB8tCRzLlzCziJU,metal
spotify:track:58tsG2dpt4elz9MTV2MpSY,metal
spotify:track:1jsFeZ5x9IAmQhzrejCSVs,metal
spotify:track:4ZAy1Vh6u97dJRnEg1qexN,metal
spotify:track:7kE6LguKICeuH85dDYmzpc,metal
spotify:track:3vAOLvAUM3UBVg9agpIEZ2,metal
spotify:track:4K9YHCULB76OHGWGp1mFuj,metal
spotify:track:2gxkhFPfYQKqXc9cApBNHv,metal
spotify:track:3LmvfNUQtglbTrydsdIqFU,pop
spotify:track:3ZXb7BJtQpt5oHscNU2MG1,pop
spotify:track:2H1047e0oMSj10dgp7p2VG,pop
spotify:track:3qadkg8UCqAzXQ7oI6Teai,pop
spotify:track:3aw9iWUQ3VrPQltgwvN9Xu,pop
spotify:track:7wZUrN8oemZfsEd1CGkbXE,pop
spotify:track:2PpruBYCo4H7WOBJ7Q2EwM,pop
spotify:track:5bGmuxShUba9maPswDnhCs,pop
spotify:track:3xrn9i8zhNZsTtcoWgQEAd,pop
spotify:track:2ZBNclC5wm4GtiWaeh0DMx,pop
spotify:track:0iFOG4Ki9aDmJUYUFHQlPG,pop
spotify:track:0KwXjf8EUmRA8csssSi9Dt,pop
spotify:track:3DamFFqW32WihKkTVlwTYQ,pop
spotify:track:5wQnmLuC1W7ATsArWACrgW,pop
spotify:track:2czBvzOv3TvnyoW7Ozo7fP,pop
spotify:track:5vollujufHY0jMZxx77VWr,pop
spotify:track:5eOzzCC8zE6EqMThdvhc1d,pop
spotify:track:5oV3uciTzAtn3YyTK5YgmA,pop
spotify:track:2XbfY2O2v3xwedUJ0J2kkr,pop
spotify:track:6Ph28ENj0Suh79QTKmTtyY,pop
spotify:track:65B1tEOv5W294uCKbmEcFV,pop
spotify:track:20I8RduZC2PWMWTDCZuuAN,pop
spotify:track:0wqOReZDnrefefEsrIGeR4,pop
spotify:track:0ekdT3jOhn3LinWtqHhmsw,pop
spotify:track:1FKxKGONukVFXWVJxAKmlz,pop
spotify:track:27L8sESb3KR79asDUBu8nW,pop
spotify:track:2lRI7n5b9jlPYsEpRuots6,pop
spotify:track:6GG73Jik4jUlQCkKg9JuGO,pop
spotify:track:5fVZC9GiM4e8vu99W0Xf6J,pop
spotify:track:3y4LxiYMgDl4RethdzpmNe,pop
spotify:track:2lnzGkdtDj5mtlcOW2yRtG,pop
spotify:track:7j31rVgGX9Q2blT92VBEA0,pop
spotify:track:5z7mYFfhw6N6f23VwrokJD,pop
spotify:track:2EvwLVrnYbCZEG6Kx5DCRy,pop
spotify:track:45euROxELkNSxSsti0aja5,pop
spotify:track:3jagJCUbdqhDSPuxP8cAqF,pop
spotify:track:6Y3WvyUG9iE5bQYg38SPtQ,pop
spotify:track:1qrpoAMXodY6895hGKoUpA,pop
spotify:track:62bOmKYxYg7dhrC6gH9vFn,pop
spotify:track:0d28khcov6AiegSCpG5TuT,pop
spotify:track:56pHllZT7QOacB0bP56ofx,pop
spotify:track:6zsk6uF3MxfIeHPlubKBvR,pop
spotify:track:5rX6C5QVvvZB7XckETNych,pop
spotify:track:2s0ouHqJebHfiQ6C1GUFJd,pop
spotify:track:24y3tSyLdRbpVsKhQrR2oj,pop
spotify:track:2hiB8QxWic092OablwpoVC,pop
spotify:track:6sLeKXRd18llTYeqiCT0lK,pop
spotify:track:3TCauNPqFiniaYHBvEVoHG,pop
spotify:track:7Lf7oSEVdzZqTA0kEDSlS5,pop
spotify:track:4xlEKYv7HmC8zXoJIbpZKM,pop
spotify:track:2hKdd3qO7cWr2Jo0Bcs0MA,pop
spotify:track:2Ozc0me9PV5vlt8cokwdvI,pop
spotify:track:2yAVzRiEQooPEJ9SYx11L3,pop
spotify:track:0UaMYEvWZi0ZqiDOoHU3YI,pop
spotify:track:3E7ZwUMJFqpsDOJzEkBrQ7,pop
spotify:track:3EjunV64KClOUVAY5bh1br,pop
spotify:track:3XB7WVeKBh3nJJT45v29ng,pop
spotify:track:28IEbk5a7twNTbUEvWslUb,pop
spotify:track:7t5YIq57DS5djsaZJm1iyM,pop
spotify:track:7H6ev70Weq6DdpZyyTmUXk,pop
spotify:track:2aGw77pZqli064JiPuXYRi,pop
spotify:track:4NeOWqHmlrGRuBvsLJC9rL,pop
spotify:track:5Z01UMMf7V1o0MzF86s6WJ,pop
spotify:track:5g1vtHqi9uV7xtYeCcFOBx,pop
spotify:track:6gDXbcILAyBa2skSdbUYq7,pop
spotify:track:005lwxGU1tms6HGELIcUv9,pop
spotify:track:0YGQ3hZcRLC5YX7o0hdmHg,pop
spotify:track:67T6l4q3zVjC5nZZPXByU8,pop
spotify:track:3dPQuX8Gs42Y7b454ybpMR,pop
spotify:track:6AfLmKXzhEZjwiVPs5jhdV,pop
spotify:track:0BCPKOYdS2jbQ8iyB56Zns,pop
spotify:track:0I3q5fE6wg7LIfHGngUTnV,pop
spotify:track:3AJwUDP919kvQ9QcozQPxg,pop
spotify:track:0JiY190vktuhSGN6aqJdrt,pop
spotify:track:3UmaczJpikHgJFyBTAJVoz,pop
spotify:track:6ECp64rv50XVz93WvxXMGF,pop
spotify:track:2BcOZ4vOeu2qZowIHrvTYy,pop
spotify:track:5hnyJvgoWiQUYZttV4wXy6,pop
spotify:track:6DXlxBjG5Na4f4KI8a0y6F,pop
spotify:track:19lLzX7vt4BhrSOaHeRyn7,pop
spotify:track:1kxeWHF9PrCVZHvVskv8lg,pop
spotify:track:04KTF78FFg8sOHC1BADqbY,pop
spotify:track:0xmjwnQ3FNE6HuWCt2nHdZ,pop
spotify:track:2TfSHkHiFO4gRztVIkggkE,pop
spotify:track:6RX5iL93VZ5fKmyvNXvF1r,pop
spotify:track:5mWEC9dsbcLwo5CeIyVRA6,pop
spotify:track:2nGFzvICaeEWjIrBrL2RAx,pop
spotify:track:7dzUZec5MnWMyQnk5klnKR,pop
spotify:track:1ixbwbeBi5ufN4noUKmW5a,pop
spotify:track:0LzrhCZFXW94Y8nwtTuRlw,pop
spotify:track:1mea3bSkSGXuIRvnydlB5b,pop
spotify:track:5xEM5hIgJ1jjgcEBfpkt2F,pop
spotify:track:0KQx6HOpJueiSkztcS0r7D,pop
spotify:track:2N5zMZX7YeL1tico8oQxa9,pop
spotify:track:0SiywuOBRcynK0uKGWdCnn,pop
spotify:track:4RCWB3V8V0dignt99LZ8vH,pop
spotify:track:6Wnlq1Pu3I0BajLvxn05Vr,pop
spotify:track:6I9VzXrHxO9rA9A5euc8Ak,pop
spotify:track:02jcEwywffn3Tsb48fXmlW,pop
spotify:track:1VuBmEauSZywQVtqbxNqka,pop
spotify:track:5tz69p7tJuGPeMGwNTxYuV,hip-hop
spotify:track:6oXvhoVdqeWGi0re9MsdAR,hip-hop
spotify:track:3iVcZ5G6tvkXZkZKlMpIUs,hip-hop
spotify:track:3A2yGHWIzmGEIolwonU69h,hip-hop
spotify:track:1wHZx0LgzFHyeIZkUydNXq,hip-hop
spotify:track:5lFDtgWsjRJu8fPOAyJIAK,hip-hop
spotify:track:0M9ydKzuF3oZTfYYPfaGX1,hip-hop
spotify:track:7EZPH9Px3gXlxD5KJDwtwc,hip-hop
spotify:track:3YEbLhXRDPTtctnb3ddg8g,hip-hop
spotify:track:6fujklziTHa8uoM5OQSfIo,hip-hop
spotify:track:2EoOZnxNgtmZaD8uUmz2nD,hip-hop
spotify:track:66yDCDOpgngR7W24OF6fHx,hip-hop
spotify:track:6KBYefIoo7KydImq1uUQlL,hip-hop
spotify:track:22VdIZQfgXJea34mQxlt81,hip-hop
spotify:track:6LpavSgQBTJmf7KteLNyKI,hip-hop
spotify:track:5geeTRRcsIg0MS5TvtBtHU,hip-hop
spotify:track:6wN4nT2qy3MQc098yL3Eu9,hip-hop
spotify:track:42zd6DYQ4o4SECmTITrM1U,hip-hop
spotify:track:3oiMJQAWVaxSubJ7b2VUtX,hip-hop
spotify:track:5fyIGoaaKelzdyW8ELhYJZ,hip-hop
spotify:track:4nxSEcO1rK0wtYswNpMH2U,hip-hop
spotify:track:4X5f3vT8MRuXF68pfjNte5,hip-hop
spotify:track:43ZyHQITOjhciSUUNPVRHc,hip-hop
spotify:track:3XQY8kDjI8LARMIC9xkxQk,hip-hop
spotify:track:1NMEiRhWMmCd6ntDqicf4E,hip-hop
spotify:track:0wwPcA6wtMf6HUMpIRdeP7,hip-hop
spotify:track:7FYH5AW3bVfZHJIQpq3UOA,hip-hop
spotify:track:1h6kgem1ai8vUgO1rZOwfB,hip-hop
spotify:track:2G7V7zsVDxg1yRsu7Ew9RJ,hip-hop
spotify:track:7DTlsMOQjGysXHpwwpHuPl,hip-hop
spotify:track:7floNISpH8VF4z4459Qo18,hip-hop
spotify:track:7DVNiZEpZHMrVpt63zqwkm,hip-hop
spotify:track:2e3Ea0o24lReQFR4FA7yXH,hip-hop
spotify:track:285pBltuF7vW8TeWk8hdRR,hip-hop
spotify:track:1e1JKLEDKP7hEQzJfNAgPl,hip-hop
spotify:track:047fCsbO4NdmwCBn8pcUXl,hip-hop
spotify:track:0VgkVdmE4gld66l8iyGjgx,hip-hop
spotify:track:1xzBco0xcoJEDXktl7Jxrr,hip-hop
spotify:track:3Qw2mXaItLuLG3HL8ofWXO,hip-hop
spotify:track:1kfGkqNAGpiPGfst4Ln7m6,hip-hop
spotify:track:2YpeDb67231RjR0MgVLzsG,hip-hop
spotify:track:5ZKG94fnjiuMH5yrC5S9lS,hip-hop
spotify:track:7JYsArznYOjX2jsrT3UEnL,hip-hop
spotify:track:4GXl8l1MfZPf2GvpyRPJBf,hip-hop
spotify:track:6sQH5GFuqhvemSdP2oOfRi,hip-hop
spotify:track:0srwKuJPH8yBzzFUJMBQM2,hip-hop
spotify:track:0WtDGnWL2KrMCk0mI1Gpwz,hip-hop
spotify:track:0e7ipj03S05BNilyu5bRzt,hip-hop
spotify:track:0HdQ1ziXFCx0B1q7ZRa4PL,hip-hop
spotify:track:3ee8Jmje8o58CHK66QrVC2,hip-hop
spotify:track:4JZ9NUioOgDEVjDuBGukRV,hip-hop
spotify:track:2xLMifQCjDGFmkHkpNLD9h,hip-hop
spotify:track:3hlksXnvbKogFdPbpO9vel,hip-hop
spotify:track:6CjtS2JZH9RkDz5UVInsa9,hip-hop
spotify:track:2d8JP84HNLKhmd6IYOoupQ,hip-hop
spotify:track:3HWzoMvoF3TQfYg4UPszDq,hip-hop
spotify:track:7mZbU42o1J2h4jG1cqG7V1,hip-hop
spotify:track:4Q3N4Ct4zCuIHuZ65E3BD4,hip-hop
spotify:track:3B54sVLJ402zGa6Xm4YGNe,hip-hop
spotify:track:0XGLsSU6wtfnKXiMNvQr61,hip-hop
spotify:track:7GX5flRQZVHRAGd6B4TmDO,hip-hop
spotify:track:7gUux50RnQ0SC0lXIZuod3,hip-hop
spotify:track:1nwkSqzTyXBk6XF796EOav,hip-hop
spotify:track:231WYcXWUxYSx79tuPtzBk,hip-hop
spotify:track:222KL68dVYye8s5np1DVIF,hip-hop
spotify:track:2CDcXWYWilHTXrsOXJza8n,hip-hop
spotify:track:15NQ3x1f2GUhqs8oBXhTqp,hip-hop
spotify:track:2pVvB487ZwqdzTxEvEEors,hip-hop
spotify:track:2SAqBLGA283SUiwJ3xOUVI,hip-hop
spotify:track:5yY9lUy8nbvjM1Uyo1Uqoc,hip-hop
spotify:track:5v4GgrXPMghOnBBLmveLac,hip-hop
spotify:track:4Oun2ylbjFKMPTiaSbbCih,hip-hop
spotify:track:5W8jRrZ6tWrTrqnKRtIQBf,hip-hop
spotify:track:3QFInJAm9eyaho5vBzxInN,hip-hop
spotify:track:5B0kgjHULYJhAQkK5XsMoC,hip-hop
spotify:track:1EJIcDYXwSqipW5dFe4uJz,hip-hop
spotify:track:3DarAbFujv6eYNliUTyqtz,hip-hop
spotify:track:2etHQJxIbV0soyPhelVs9Y,hip-hop
spotify:track:27NovPIUIRrOZoCHxABJwK,hip-hop
spotify:track:3e1C4xcn4REvbAa7M6VshF,hip-hop
spotify:track:3X2r2CnHOJeV5YekPTgBnK,hip-hop
spotify:track:4R67rQNSbbsR4TdUVOIdez,hip-hop
spotify:track:6kksmL4t09IgxhajuVDDxR,hip-hop
spotify:track:3J8EOeKLTLXORtWPpOU5bE,hip-hop
spotify:track:7LA7pltkZPXuBm0wdIzD5E,hip-hop
spotify:track:1XVp5JpKvNs5q8TPiXo6Bc,hip-hop
spotify:track:2PgsOPMdOOEtYN8SpQa83s,hip-hop
spotify:track:2Ty7EDf9XLYzEUqEIwJfDC,hip-hop
spotify:track:4VCbgIdr8ptegWeJpqLVHH,hip-hop
spotify:track:4huBDGP4I3S0pYI0EaRN1c,hip-hop
spotify:track:3Lf16tRdqj4H7MBtCSztDS,hip-hop
spotify:track:0wHFktze2PHC5jDt3B17DC,hip-hop
spotify:track:0yZbaAO6dG8xYGPWQv78qi,hip-hop
spotify:track:6BU1RZexmvJcBjgagVVt3M,hip-hop
spotify:track:4MQnXVR8DJvsySuXYuzUtf,hip-hop
spotify:track:4GSyA0YDBON0qD8fvqmPan,hip-hop
spotify:track:21hKipgjcM6JL2mmoUKrQi,hip-hop
spotify:track:5Z3mR4zAX4K3krt4JAOpmx,hip-hop
spotify:track:2Ri3R5tB1FlZhYgLMqTjSn,hip-hop
spotify:track:65c5eWskrOGVTxEsaMMOhD,hip-hop
spotify:track:7IBLt4Qarf4JDLxIQDv2O5,hip-hop
spotify:track:4weoQ8CuXh0X9xvFfWsT6X,hip-hop
spotify:track:41X9qar6SruZOPLIV7sgUw,hip-hop
spotify:track:6g6FfeozIEkVUXecpSq16Q,hip-hop
spotify:track:2qDTVDLjK4PctCvC8Mg19x,hip-hop
spotify:track:0azvRr7z1MgdOF7rnzbUDk,hip-hop
spotify:track:0J7uIzfeG7BUezS8OegpuR,hip-hop
spotify:track:5Qb5Crn9sefQ27M2lKahPM,hip-hop
spotify:track:6NJ5GsneMeyTMoQ9zah1yv,hip-hop
spotify:track:0I3q5fE6wg7LIfHGngUTnV,hip-hop
spotify:track:3yfqSUWxFvZELEM4PmlwIR,hip-hop
spotify:track:1ixbwbeBi5ufN4noUKmW5a,hip-hop
spotify:track:5iSEsR6NKjlC9SrIJkyL3k,hip-hop
spotify:track:6zsk6uF3MxfIeHPlubKBvR,hip-hop
spotify:track:1FK0sZfZzCAIDUn7htCemp,hip-hop
spotify:track:3jagJCUbdqhDSPuxP8cAqF,hip-hop
spotify:track:3WibbMr6canxRJXhNtAvLU,hip-hop
spotify:track:71skDFv9c5octCmL8ln26B,hip-hop
spotify:track:5g1vtHqi9uV7xtYeCcFOBx,hip-hop
spotify:track:6N5jzaZIj0dTuukVfHCT3r,hip-hop
spotify:track:3z6WOgxwEcfF9mn4crIQaK,hip-hop
spotify:track:3UmaczJpikHgJFyBTAJVoz,hip-hop
spotify:track:5NiUrZVKyLpsyj62Roq5FW,hip-hop
spotify:track:04KTF78FFg8sOHC1BADqbY,hip-hop
spotify:track:3QjQ9c1ooHiJDCqrKGC9fK,hip-hop
spotify:track:4LCzEYKPFcd2FCOmZdVDnM,hip-hop
spotify:track:2tHj1UtAlEJ70yOzeTw6mZ,hip-hop
spotify:track:45euROxELkNSxSsti0aja5,hip-hop
spotify:track:6sUCli0KetwIaiQLGEcB2a,hip-hop
spotify:track:2I9foKseoFQh07p6sD2voE,hip-hop
spotify:track:4cNhx6OO1XpvwT6xZnb83B,hip-hop
spotify:track:6nz35DNIzbtj5ztpDEcW1j,hip-hop
spotify:track:77FVM2m7DYptj1geNF8PMm,hip-hop
spotify:track:2cWHN0WK52RGAWHgaDamUA,hip-hop
spotify:track:26liGJfeDiHLVn0qTETkt1,hip-hop
spotify:track:7CpXFEjLntpr4GdOhTtFEv,hip-hop
spotify:track:34KUIBsIUiPV7oCIzSdDAU,hip-hop
spotify:track:1Epb6Kfe3GTgKrrWs1Y4Wy,hip-hop
spotify:track:2QsZVnbWVSjKMXK6K3uRBL,hip-hop
spotify:track:3XrvEifl0hIzgBGUa5jBLS,hip-hop
spotify:track:2HoDr1yVksl19omOhc1zWy,hip-hop
spotify:track:1Y4ZdPOOgCUhBcKZOrUFiS,hip-hop
spotify:track:4ns1XFP3W5JPyzvnAjMdHD,hip-hop
spotify:track:5SkRLpaGtvYPhw02vZhQQ9,hip-hop
spotify:track:2wGSgTmgSF3xjRrHkTc25R,hip-hop
spotify:track:3Hb25cjDsqFg1VJDdL0Vjq,hip-hop
spotify:track:0CAJdthKDdRjB2h8YOguN6,hip-hop
spotify:track:4P7VFiaZb3xrXoqGwZXC3J,hip-hop
spotify:track:1LM6EReMkAxuDXDF26ekl2,hip-hop
spotify:track:6a8lMvYwJBwV4OtmdI1aDb,hip-hop
spotify:track:1qhgBzRH0jOzoVZJ2K1hDn,hip-hop
spotify:track:0jSMveIWvnhDIvzqN74Uc7,hip-hop
spotify:track:3CiSdq2SJSSUc1AVUU2F4G,hip-hop
spotify:track:278sR79MvTMvfojnrDAoTR,hip-hop
spotify:track:5osSw3tL07Tuid7AWsvYcc,hip-hop
spotify:track:1IAzD1muglOxOcPbUHs70R,hip-hop
spotify:track:59rtiYOPgMEDf3yPEfU2la,hip-hop
spotify:track:5kDkWHFx0AEvJ1Pfm2i0ac,hip-hop
spotify:track:4Mb5DVgLbFjlSwcuMdOw7B,hip-hop
spotify:track:05Sgj1Hx03ZXc57gsV1kfX,hip-hop
spotify:track:6ScJMrlpiLfZUGtWp4QIVt,hip-hop
spotify:track:6WDo3YhOns4Tw9zOMQ5RAf,hip-hop
spotify:track:2PpruBYCo4H7WOBJ7Q2EwM,hip-hop
spotify:track:5yyqx4brn6Bm9U1Rj9ENnz,hip-hop
spotify:track:26oOXFq7HB0GDgwc17EUt3,hip-hop
spotify:track:4RY96Asd9IefaL3X4LOLZ8,hip-hop
spotify:track:3jLI3F0N6xggiEpswfnD69,hip-hop
spotify:track:135lkyQRwFlWfmHjJTxtld,hip-hop
spotify:track:23wfXwnsPZYe5A1xXRHb3J,hip-hop
spotify:track:06UPCXzhIsXnceSXmKLMEY,hip-hop
spotify:track:3lOsctJ4XeAV6shbttVgtX,hip-hop
spotify:track:5002jhe77WW8C52OjUDwBt,hip-hop
spotify:track:40aaE9iqfaX3xijADYOoob,hip-hop
spotify:track:0AOeHlRaiVoSMjjoB5fB5i,hip-hop
spotify:track:4h5KBcltGefua73AUPYps7,hip-hop
spotify:track:42uXDKUhyAt5Exe1G5pKWJ,hip-hop
spotify:track:0UG6T3ulEb2zWJZgJK0PwP,hip-hop
spotify:track:1l7xvA5XajmKQDo1h8Vc3K,hip-hop
spotify:track:6onLsl9QsSdUiVunHQL7R3,hip-hop
spotify:track:2XchvZOLm2BM0IjKwnA6Cs,hip-hop
spotify:track:21O0XXPEWPtePt5RMY93Ob,hip-hop
spotify:track:5Rkbnhwkb6oiqq1HQcXirN,hip-hop
spotify:track:702RdmOBmeHXG2jAmNeGN8,hip-hop
spotify:track:6ywnTBL62OTd8HUaztJizb,hip-hop
spotify:track:1vh2PEArt3XN2WwLqXJ1xo,hip-hop
spotify:track:38NtFDymfkjqIOWwY3fQsu,hip-hop
spotify:track:5wfllwdjglyQislkskYLBv,hip-hop
spotify:track:5XWHMlnbIzIJCvJ6sIbxYw,hip-hop
spotify:track:7m97yKVzPpXV9Z4ezEziOD,hip-hop
spotify:track:58LflM1owDAzQkYIL7ayCX,hip-hop
spotify:track:2tNmhDlMbwQZLxQtWMt2EU,hip-hop
spotify:track:0VjIjW4GlUZAMYd2vXMi3b,hip-hop
spotify:track:05GnmzpvnAUwnXuOQ5OTop,hip-hop
spotify:track:3kZoay4ANo86ehb6s4RwS9,hip-hop
spotify:track:5iT0oOBAZek1ynX91Pr4iI,hip-hop
spotify:track:06tMxo0sySSq4SkIS3xUsc,hip-hop
spotify:track:4gQdwwPXSXnDkUh4jYqLoC,hip-hop
spotify:track:0SADXPubFbFXu7ZR3M86io,hip-hop
spotify:track:6SmPPtaMnfxgz5duA6t9Cu,hip-hop
spotify:track:4aPTrOPzmdOF2Qmhhcr07p,hip-hop
spotify:track:6VagXfR5TlXUtl0wPXAd9I,hip-hop
spotify:track:6tBAIq9GYGmAyGBnT5ndKg,hip-hop
spotify:track:5wlFf3t4c5ITfKH5L0TeXD,hip-hop
spotify:track:6sZv0ECT8cEW3oZtoCuVg4,hip-hop
spotify:track:50M2QjfSM82wkJ1d0iV4mh,hip-hop
spotify:track:308T3ASJI1HJYLzR1WkWAx,hip-hop
spotify:track:2FdQ4hkbqZ1X930oxxgZZy,hip-hop
spotify:track:4UUFTQKwwId0n1P9t4ZQhx,hip-hop
spotify:track:2VtgzixdB967bHDNu5A1nh,hip-hop
spotify:track:4gWpfgbPnVtivpbrPFARPX,hip-hop
spotify:track:3YEbLhXRDPTtctnb3ddg8g,hip-hop
spotify:track:5lFDtgWsjRJu8fPOAyJIAK,hip-hop
spotify:track:6eT7xZZlB2mwyzJ2sUKG6w,hip-hop
spotify:track:4m7rYtLTr5vPPjlmkemR0C,hip-hop
spotify:track:1MY4HVXfBkUg1mUjmCjznI,hip-hop
spotify:track:3ujsJyNJl1zxvS4G9JhJtE,hip-hop
spotify:track:1xzBco0xcoJEDXktl7Jxrr,hip-hop
spotify:track:2HRYa6iG1M5DRefO8pK2I3,hip-hop
spotify:track:3CnK206lwL8j2ETlzBC9go,hip-hop
spotify:track:0srwKuJPH8yBzzFUJMBQM2,hip-hop
spotify:track:68Dni7IE4VyPkTOH9mRWHr,hip-hop
spotify:track:43ZyHQITOjhciSUUNPVRHc,hip-hop
spotify:track:5Mi3Qt2bXMqXRG2vnmp4a0,hip-hop
spotify:track:7I32DtLHsOEkscD10PcNzw,hip-hop
spotify:track:3TXy6nchgKeYlVwOKNk9lE,hip-hop
spotify:track:64wIxAhccUXbtgZHTvY1jJ,hip-hop
spotify:track:0o1HbZL2Zuenru6FaGrsVJ,hip-hop
spotify:track:1G5ho820Xi2Qu3HsBZ26ft,hip-hop
spotify:track:4om3OBmhbN30hOwCDXaJwi,hip-hop
spotify:track:3PcjjeeeEex6gdI8Qz3COs,hip-hop
spotify:track:2y6T22z0VqKK1R8UwI0MvJ,hip-hop
spotify:track:51u3nlTacgtiWxRQGPd4go,hip-hop
spotify:track:7JYsArznYOjX2jsrT3UEnL,hip-hop
spotify:track:1689NeAQZJSqOL3VDcu5M3,hip-hop
spotify:track:77wywwkLtE5mlrHMrlfSAP,hip-hop
spotify:track:2HbKqm4o0w5wEeEFXm2sD4,hip-hop
spotify:track:0VgkVdmE4gld66l8iyGjgx,hip-hop
spotify:track:4jtyUzZm9WLc2AdaJ1dso7,hip-hop
spotify:track:7aK5rlTVxSgcqShPMI1TTH,hip-hop
spotify:track:5A6OHHy73AR5tLxgTc98zz,hip-hop
spotify:track:5v7kaZNsnyByrSJOfO8gKq,hip-hop
spotify:track:0Iezpd0YmJnNuCtGXYY2SF,hip-hop
spotify:track:2PqhgyoxhBy20P06e9uL3L,hip-hop
spotify:track:7floNISpH8VF4z4459Qo18,hip-hop
spotify:track:40gyO2Zv6Bw1Zn8vcK677a,hip-hop
spotify:track:2CY92qejUrhyPUASawNVRr,hip-hop
spotify:track:4uQ7wYsuL0DryknoDc11Hk,hip-hop
spotify:track:1wHZx0LgzFHyeIZkUydNXq,hip-hop
spotify:track:0pgeVJrdNok4KhbiM58ayZ,hip-hop
spotify:track:4X5f3vT8MRuXF68pfjNte5,hip-hop
spotify:track:1UGD3lW3tDmgZfAVDh6w7r,hip-hop
spotify:track:7yuVh8qr6XMAMENmUtUZVF,hip-hop
spotify:track:6J5sxraPPZ4b0CVOGAgpXj,hip-hop
spotify:track:35rSpXB5bk9ega9jsjcRts,hip-hop
spotify:track:3wGXyJGsCf1myH5MooQIqE,hip-hop
spotify:track:6Pvhtv7oEse8RWS4ST4UPO,hip-hop
spotify:track:6dFn6my1sHK2bcf23GlHwM,hip-hop
spotify:track:0M9ydKzuF3oZTfYYPfaGX1,hip-hop
spotify:track:7xVLFuuYdAvcTfcP3IG3dS,hip-hop
spotify:track:10I3CmmwT0BkOVhduDy53o,hip-hop
spotify:track:3UFPjYWvzX0I8OYqmR2Pby,hip-hop
spotify:track:7GGB121dCe4BKIpmRJHiDJ,hip-hop
spotify:track:5eqK0tbzUPo2SoeZsov04s,hip-hop
spotify:track:78QR3Wp35dqAhFEc2qAGjE,hip-hop
spotify:track:6Ecv0YG6QR0Zggsdw3u3mb,hip-hop
spotify:track:78JKJfKsqgeBDBF58gv1SF,hip-hop
spotify:track:0CSrlx5BND6JjYLhhESiHP,hip-hop
spotify:track:7EZPH9Px3gXlxD5KJDwtwc,hip-hop
spotify:track:5JA3kX5U1r5rgXO9tG1ER9,hip-hop
spotify:track:0ymMvHAozg5LuIhqj8tVb3,hip-hop
spotify:track:01Lr5YepbgjXAWR9iOEyH1,hip-hop
spotify:track:0evVIHGlp94jOUMvoQZRVD,hip-hop
spotify:track:3aGibUHhQyBsyumYHylw0K,hip-hop
spotify:track:5TfZfcsbBqhRysexP7ueJH,hip-hop
spotify:track:6m192NGYZHIbO5UBkkM4oN,hip-hop
spotify:track:15EPc80XuFrb2LmOzGjuRg,hip-hop
spotify:track:1x9DaemhjMZozZvta0rzSa,hip-hop
spotify:track:1dp8aQANyTRKssDeAYPiZe,hip-hop
spotify:track:0YKvEXArXE4GeGzqCsaifN,hip-hop
spotify:track:1ZHYJ2Wwgxes4m8Ba88PeK,hip-hop
spotify:track:3tTpvK7QgjjQCKGnHt5xn3,hip-hop
spotify:track:1e1JKLEDKP7hEQzJfNAgPl,hip-hop
spotify:track:3fMYdbxKBDKtLa1HB9iBDK,hip-hop
spotify:track:2d8JP84HNLKhmd6IYOoupQ,hip-hop
spotify:track:31Yebmn7gDvxc0yjRV8M5t,hip-hop
spotify:track:4scpF6J5uMBvoh6sFB7EL1,hip-hop
spotify:track:0VL32DjEZZiOj2dYo9a0NX,hip-hop
spotify:track:16PvV0ebMHyiWveAOA3e9z,hip-hop
spotify:track:285pBltuF7vW8TeWk8hdRR,hip-hop
spotify:track:3WcC6NH9J77xPEvj1SOL7z,hip-hop
spotify:track:1kWUMpe0w9h4ep1iCvPflp,hip-hop
spotify:track:047fCsbO4NdmwCBn8pcUXl,hip-hop
spotify:track:4XVZ3Ztmd2koc5S7Yey8NY,hip-hop
spotify:track:0XGLsSU6wtfnKXiMNvQr61,hip-hop
spotify:track:5WnfnSpuNEGXyEt78PBA6d,hip-hop
spotify:track:3XQY8kDjI8LARMIC9xkxQk,hip-hop
spotify:track:7GX5flRQZVHRAGd6B4TmDO,hip-hop
spotify:track:0joQFwiBKmi6X1Iq5R1ubH,hip-hop
spotify:track:6KBYefIoo7KydImq1uUQlL,hip-hop
spotify:track:1nwkSqzTyXBk6XF796EOav,hip-hop
spotify:track:0alZMmUP2pewhIIFtgjJYI,hip-hop
spotify:track:7DTlsMOQjGysXHpwwpHuPl,hip-hop
spotify:track:3iVcZ5G6tvkXZkZKlMpIUs,hip-hop
spotify:track:42zd6DYQ4o4SECmTITrM1U,hip-hop
spotify:track:3QFWOD872qTF2qK1Bw5O4M,hip-hop
spotify:track:3DK6m7It6Pw857FcQftMds,hip-hop
spotify:track:6XYTdS3FRzfZh3Umid2ILx,rock
spotify:track:1aC1IBAETh2XYGOE8kCC6t,rock
spotify:track:57BrRMwf9LrcmuOsyGilwr,rock
spotify:track:4PkJ7c9y1CwpuVOiJODnCZ,rock
spotify:track:25CMmGsl22APKhfuj4Tp7j,rock
spotify:track:6lSr3iZTC144PKhvbPFzMp,rock
spotify:track:60a0Rd6pjrkxjPbaKzXjfq,rock
spotify:track:0gmbgwZ8iqyMPmXefof8Yf,rock
spotify:track:5z5ao3FAaVwHk1g7xuOBcB,rock
spotify:track:6GG73Jik4jUlQCkKg9JuGO,rock
spotify:track:0COqiPhxzoWICwFCS4eZcp,rock
spotify:track:6PwjJ58I4t7Mae9xfZ9l9v,rock
spotify:track:4Yf5bqU3NK4kNOypcrLYwU,rock
spotify:track:5lDriBxJd22IhOH9zTcFrV,rock
spotify:track:7clUVcSOtkNWa58Gw5RfD4,rock
spotify:track:5GorCbAP4aL0EJ16frG2hd,rock
spotify:track:6TfBA04WJ3X1d1wXhaCFVT,rock
spotify:track:5VGlqQANWDKJFl0MBG3sg2,rock
spotify:track:0ntQJM78wzOLVeCUAW7Y45,rock
spotify:track:6ZOBP3NvffbU4SZcrnt1k6,rock
spotify:track:3YuaBvuZqcwN3CEAyyoaei,rock
spotify:track:48UPSzbZjgc449aqz8bxox,rock
spotify:track:51Vic2Yi71YKNtLbyJKgQt,rock
spotify:track:0v1XpBHnsbkCn7iJ9Ucr1l,rock
spotify:track:0n4AllHzf3ma4ki20Y9h00,rock
spotify:track:0eKyHwckh9vQb8ncZ2DXCs,rock
spotify:track:2DlHlPMa4M17kufBvI2lEN,rock
spotify:track:0faXHILILebCGnJBPU6KJJ,rock
spotify:track:7x8dCjCr0x6x2lXKujYD34,rock
spotify:track:56sk7jBpZV0CD31G9hEU3b,rock
spotify:track:6n8TMVyFKoUmDc4apxceRD,rock
spotify:track:4VqPOruhp5EdPBeR92t6lQ,rock
spotify:track:1AEYT6VxrxXPMoQUxsY0E4,rock
spotify:track:5W8YXBz9MTIDyrpYaCg2Ky,rock
spotify:track:5wQnmLuC1W7ATsArWACrgW,rock
spotify:track:3RptaQ5Xb8WvtpItZ2f9Hi,rock
spotify:track:4OSbctVD37ycS0H3rwRm72,rock
spotify:track:0snQkGI5qnAmohLE7jTsTn,rock
spotify:track:1kdiiFGX1Htx0aVZYaDwEJ,rock
spotify:track:003vvx7Niy0yvhvHt4a68B,rock
spotify:track:6BWrIaoodtt7EX6kToWZw0,rock
spotify:track:2nLtzopw4rPReszdYBJU6h,rock
spotify:track:6NvRxjfYkkT2SpirAlmsjH,rock
spotify:track:3agtg0x11wPvLIWkYR39nZ,rock
spotify:track:18lR4BzEs7e3qzc0KVkTpU,rock
spotify:track:1jq28NGw6wdtFKx8MBPy6C,rock
spotify:track:4WJ47arGuVvHEs0DMufrwr,rock
spotify:track:3RAFcUBrCNaboRXoP3S5t1,rock
spotify:track:7ouMYWpwJ422jRcDASZB7P,rock
spotify:track:0OM9ri37LIbPc9hffwsyb1,rock
spotify:track:7IY2JF7AlVN5uvIUBVnSJd,rock
spotify:track:3k9VfOKofPCROXVu28fOmb,rock
spotify:track:5X2RisOZS9i5MsR8EVw58p,rock
spotify:track:026xziPfk73HTmWSSzQkeL,rock
spotify:track:1BLOVHYYlH4JUHQGcpt75R,rock
spotify:track:4vjvx7Zxkb4AltGcZ0BBvI,rock
spotify:track:0APAKxMXB7jdDs4kw1l30y,rock
spotify:track:36yzYaU0lRagD2uKo6ELwY,rock
spotify:track:1aTf6n7MSd9z1LQYJEcmqF,rock
spotify:track:6mADjHs6FXdroPzEGW6KVJ,rock
spotify:track:3FJ7DtxXvO6NnLm1zjf7uQ,rock
spotify:track:6pWuX5DNdVZPPO4ywGDiJv,rock
spotify:track:3FYFaLFmpwKFb5MNAvoHH0,rock
spotify:track:7nJHd79RwAnEn3yYYpr4b8,rock
spotify:track:1TG4piLlwdCJOQWpsnpLWm,rock
spotify:track:4jFLw7QqWlv3lZr980HyYW,rock
spotify:track:3AkdSFo7quCZ781KCqNK0T,rock
spotify:track:6numDs6jtM3BAVO2NRrwXC,rock
spotify:track:1G2OpjUeUn96CkBbbyjpVD,rock
spotify:track:0voJyHU8wz6VEkos3L2ohu,rock
spotify:track:04F42oEuKrRComYJfJuyVR,rock
spotify:track:4jMCKf7hqXSRv7DD9ZcMVZ,rock
spotify:track:1Dp7ASSZVVOPJ85VdLpjOX,rock
spotify:track:2Ww0rg6l92yIXTaW1Z0HXr,rock
spotify:track:4ZOACNngwdpo7hY5zIt35H,rock
spotify:track:6AUDoyTCTXceTI8fbNF8i3,rock
spotify:track:3QiNQFiueqnIc6rOPLZB3f,rock
spotify:track:2u4fyu0QnU64T5euBxOHxZ,rock
spotify:track:41FCZduFUjoymvDXb6ZviB,rock
spotify:track:3Y1q37A7ecFEdR5IAMWodA,rock
spotify:track:6j652760j2wctFstQmai4R,rock
spotify:track:0brRAViWRg60fyrCynTPxl,rock
spotify:track:0c3fJd2HRi6uHWgTljIae5,rock
spotify:track:4Fj6KslSYYQ1kAbafiKoz0,rock
spotify:track:6eEYGGFfFbtKHCgJM4uh9v,rock
spotify:track:4EoE743bWWiZ4ttkdPCNbA,rock
spotify:track:7m1Lw3uTakxHFxGjXXbE4l,rock
spotify:track:4CLPNURPcKztF9RRdcWLGP,country
spotify:track:11qh54D0PKkBwelpDxxiEU,country
spotify:track:67citk3uzWs5qbaIVKTeg8,country
spotify:track:1LM5zQv5pBKPyO7rm7Uz6U,country
spotify:track:2mXsZsJBThTaJXbNcg5QD4,country
spotify:track:0MJ49ZXdzIb7yw6WjwpSf5,country
spotify:track:0CTNLJMN9dMG4cl5qgsZSv,country
spotify:track:40Xg69oisdpuP4C7xl3RkK,country
spotify:track:2spEkxVBo1217qmjWkWPZu,country
spotify:track:3SPEV9v2fGKbGBIqYxoZUa,country
spotify:track:5P2bdFon08MYGVWkfCZKyJ,country
spotify:track:4B9v2AXBpnA5tBhGTaQG0G,country
spotify:track:2tgQaL85WoRfgEa4hFQgrE,country
spotify:track:5tN0LIuQDapSFedlYJuG0k,country
spotify:track:3q0FwZMtraqgqpzSxptETB,country
spotify:track:0kOG4bwpKgRlcJw1NA6csR,country
spotify:track:1wSEQVYQfq69RmUz1b5a3j,country
spotify:track:0YV73fsl9Wzlj61EPspjJ3,country
spotify:track:2lyEpuvVOnNGzV5c89Vnpf,country
spotify:track:3fqwjXwUGN6vbzIwvyFMhx,country
spotify:track:3xdjjKMcMOFgo1eQrfbogM,country
spotify:track:05ZACkzW8YbRq3eFgIfSNB,country
spotify:track:6Ozp6ac86CSHMik8lbvJuM,country
spotify:track:6kwXlXsWKMhZFR0aZiDhae,country
spotify:track:2I8sTYMwuTsTL3K5vR6MB5,country
spotify:track:1cktZnxiONH0hR6Q3DKy8h,country
spotify:track:4ckQIgBy1gVeevf7UAereE,country
spotify:track:2zhk0kypGeOPsaaZcjyc14,country
spotify:track:23EkfwUdsRIz7jAZIcC8gb,country
spotify:track:5yEPktRqvIhko5QFF3aBhQ,country
spotify:track:11EX5yhxr9Ihl3IN1asrfK,country
spotify:track:1soxUgYIZb1qx1c7o1Lc7z,country
spotify:track:0QULNNd9z5s35entfiiXoa,country
spotify:track:2Gy3XMLbBxACZ4tXdFRGr7,country
spotify:track:4Pn0JlCUusD2QHjADuOzuV,country
spotify:track:2kR18wsL3gvXRXdNE4dCGc,country
spotify:track:23TxRN09aR1RB0G0tFoT0b,country
spotify:track:7aEtlGHoiPAfRB084NiDmx,country
spotify:track:1dgWTMoHwTUnQhOQ8SR5fV,country
spotify:track:1vBpwxsLVwaR4evBIaFmqD,country
spotify:track:5HGibWoxnkYSkl6mHmAlOE,country
spotify:track:2wxfu24GQpEZQrjDJm5Ac1,country
spotify:track:05GsNucq8Bngd9fnd4fRa0,country
spotify:track:4nxgA1nvXvTkmsBY0vJV57,country
spotify:track:7f08qp3HROTkfrtNpiYGGo,country
spotify:track:6Ymvlzom4TQeoKqAWsZRD8,country
spotify:track:5NfJGBAL9mgFPRQxKJmiX2,country
spotify:track:0Om9WAB5RS09L80DyOfTNa,country
spotify:track:5kNe7PE09d6Kvw5pAsx23n,country
spotify:track:4qbibbQ1yK0rPl0JUJS0bz,country
spotify:track:6olKv2HP3XgBpvVxAswowe,country
spotify:track:6Ray43gNA6LZxareyESwNk,country
spotify:track:43xanDcfSBWuURZCWbItzf,country
spotify:track:3kgCJPXDlnL5bl1HFesHUi,country
spotify:track:0i5el041vd6nxrGEU8QRxy,country
spotify:track:7mldq42yDuxiUNn08nvzHO,country
spotify:track:53Dj5PCDhb22qWqmre3YQs,country
spotify:track:5kNe7PE09d6Kvw5pAsx23n,country
spotify:track:2qYsSHsYkihWx043HVJQRV,country
spotify:track:42fw0rxRO2xbesF6mJfd4Y,country
spotify:track:03fT3OHB9KyMtGMt2zwqCT,country
spotify:track:6enPOmd3vSFpI4jjms8kXN,country
spotify:track:10M2Ex445zw585Ducldzkw,country
spotify:track:0p1HtkrNYxv0iDfEKwXSTp,country
spotify:track:6E9V9TRlVOLjenGjHemzEH,country
spotify:track:2wqXQjOmQ9KoBm9Ssgt4Fo,country
spotify:track:23T0OX7QOiIUFShSzbJ5Uo,country
spotify:track:7yFhA2fUsL2oIMWlw5DaHQ,country
spotify:track:0rCaOCuZlOKwTxYLzDuuYs,country
spotify:track:239xopha4cJfbAfhX76FEQ,country
spotify:track:0kPeZAyIhIfeZNrtfjJGDB,country
spotify:track:5ovVcYo2MvjVydFwFyaaqy,country
spotify:track:0clSHsrHl2irBkObcLEZqS,country
spotify:track:4objxuNfJlJHomkRIPa2Y2,country
spotify:track:5kI4eCXXzyuIUXjQra0Cxi,country
spotify:track:3H3r2nKWa3Yk5gt8xgmsEt,country
spotify:track:5OELUCYgOHKFAvCERnAvfS,country
spotify:track:5avVDmK9FVJpd3MDO8I3Zl,country
spotify:track:5NUXE8W12lWcUXgJRCjeEw,country
spotify:track:01dBLHq3UWyDRWDZJXj235,country
spotify:track:3hLuHKzG1cmlRpq53ZVWd8,country
spotify:track:7Dxes6VnfbZYV0S2QTnVuT,country
spotify:track:0Al3wN3keprGTSgG8NBwjr,country
spotify:track:3MkXV52jXtsG4pvKp4cGE8,country
spotify:track:0QULNNd9z5s35entfiiXoa,country
spotify:track:4k3lPl8YTKuY8c1HelVnm3,country
spotify:track:0BQpyaFrb78b9uobWNheqx,country
spotify:track:2UikqkwBv7aIvlixeVXHWt,country
spotify:track:75S9EXVDrhRd340JOOruRu,country
spotify:track:7yRJMLG9ja0fBVVEmV6vcT,country
spotify:track:3J5jotqUAjU479WhAiNkpU,country
spotify:track:5vyONuW3HK0kJQBkrSp25B,country
spotify:track:0ysCB1Jg4hli0XlEWlipo7,country
spotify:track:6YMnz4CTX2NSg2JtXiSFJU,country
spotify:track:4FdPnT2cFrpWCmWZd7GXc3,country
spotify:track:5wTt43UbS3HmDvzAJ7Yax3,country
spotify:track:58UKC45GPNTflCN6nwCUeF,country
spotify:track:4PuAqZlL1tkidkuxfDlLbF,country
spotify:track:3CiF9D8iuVhZWDvvjf8HpG,country
spotify:track:0Lavu1rppGgXfiK27cAMyU,country
spotify:track:3j1xkzTW8owIphkWV51V9s,country
spotify:track:6Tm4Io4ct4w14nB1EUzsY3,country
spotify:track:1S55d7hhptRt8PS6nC1fSY,country
spotify:track:3HO30hRbkOLU6ZWERayfQO,country
spotify:track:7HJ54S8MPYQsC7cT6HffOX,country
spotify:track:5uU1uuyaUIBOiiUSQG7Wl3,country
spotify:track:0LI59fuqv8OTAnY9cqCife,country
spotify:track:6NHpyYvJyQsg2nXXzGYc2R,country
spotify:track:03kCiUPjdAV9ur9ugm8PQT,country
spotify:track:1TUuhV75FeOF6UObRsABo2,country
spotify:track:3WMj8moIAXJhHsyLaqIIHI,country
spotify:track:4RG7P0CXQ4pe0OeCAHjX5L,country
spotify:track:52GuoXJUOFAwmPMtH3V9W4,country
spotify:track:6AqwH2Y9FJwhUE2dCSkw1u,country
spotify:track:37u0I5Q44POEFCLhFREtGJ,country
spotify:track:48UKTR66uUOT9LaUvooTNx,country
spotify:track:6dyMcQKY8KvDakXH56BYjW,country
spotify:track:3LBM25IgxI9y549SiYxtSi,r&b
spotify:track:5XqDJFVCyRTm5J7cIfRmR1,r&b
spotify:track:1psvnQxSDdIKTDM2Jm8QKt,r&b
spotify:track:0ycIrEpkyb4lrqE7M1emju,r&b
spotify:track:0uDdI4fAXCuNhQbmxENdsO,r&b
spotify:track:7beY8mXJuC4l0J2WgVoCfm,r&b
spotify:track:35Dh5MnCUPLN3XyAVtQff3,r&b
spotify:track:2aSM4sbNN7cSmpYOG0sf46,r&b
spotify:track:3Q5cLvkKsHJvYltf8k7HkO,r&b
spotify:track:1IIKrJVP1C9N7iPtG6eOsK,r&b
spotify:track:0t2q2c43AATY4z1GI883Be,r&b
spotify:track:6WHZvtFnceMMv08gUCHR0y,r&b
spotify:track:46YL800EFmXBhOjab7MLsy,r&b
spotify:track:0Odu228D0yGcFySGuxU4rY,r&b
spotify:track:3WlbeuhfRSqU7ylK2Ui5U7,r&b
spotify:track:759KqKQyDmTWJape4odo21,r&b
spotify:track:6t51aLe7rjZhKgONwt6btQ,r&b
spotify:track:00iG3DUfLDwGsCQw8D4bE4,r&b
spotify:track:6QutayBrziruy3GoPMqBBq,r&b
spotify:track:67lKDoCZbRCJDa4RT68eme,r&b
spotify:track:3Isj85ak2yj4EndfKFGs9x,r&b
spotify:track:5VwwpU7KsLhgfbMEecedhJ,r&b
spotify:track:3wN7Spu4tWhefB3LooMLys,r&b
spotify:track:0PjtIvwCFQMkWoFTVWsCsi,r&b
spotify:track:0cARwJOuhhBQSdq1yiOjZr,r&b
spotify:track:2rFqkDRJlumT7QjljlldlR,r&b
spotify:track:7GGlr1GkWjre2lo69N0rVk,r&b
spotify:track:6u7nfDFpwoDhtnXv9eRI5C,r&b
spotify:track:2p8IUWQDrpjuFltbdgLOag,r&b
spotify:track:63wx9vdskaXbYxyDx4oJCZ,r&b
spotify:track:0TrPqhAMoaKUFLR7iYDokf,r&b
spotify:track:2DdI0KRBuxV5Km0bkm67yh,r&b
spotify:track:4uawMXx8VZ7WMrjAVOaCMe,r&b
spotify:track:2koXDwwitQIyoL1O9xnk0k,r&b
spotify:track:6MO2bfLHKykUgCChFdw91H,r&b
spotify:track:3Ey11v2aiX14s4wBaYbhlp,r&b
spotify:track:39KiTKARPALXdEYaG5tqFM,r&b
spotify:track:7HdUnaN512R9oB2QyL8Brl,r&b
spotify:track:7BY2h0RUgeenWrnbwPr0Kt,r&b
spotify:track:0KS2h61pHQ4WmOwruD7uxD,r&b
spotify:track:18O00Y7yrkJ0pRXm1n21Og,r&b
spotify:track:2yUy5eFAFWAichjrySJWA2,r&b
spotify:track:5nexAvWNhwg51EavnDgViy,r&b
spotify:track:0bka3tJqQxlBMOa7IZPnQB,r&b
spotify:track:0oufSLnKQDoBFX5mgkDCgR,r&b
spotify:track:4YW8YoVfEZTynrEvWeLbRc,r&b