song,artist,uri,genre
We Belong Together,Mariah Carey,spotify:track:3LmvfNUQtglbTrydsdIqFU,pop
Yeah!,Usher Featuring Lil Jon and Ludacris,spotify:track:3ZXb7BJtQpt5oHscNU2MG1,pop
I Gotta Feeling,Black Eyed Peas,spotify:track:2H1047e0oMSj10dgp7p2VG,pop
Gold Digger,Kanye West Featuring Jamie Foxx,spotify:track:3qadkg8UCqAzXQ7oI6Teai,pop
Family Affair,Mary J. Blige,spotify:track:3aw9iWUQ3VrPQltgwvN9Xu,pop
Bleeding Love,Leona Lewis,spotify:track:7wZUrN8oemZfsEd1CGkbXE,pop
Hey Ya!,OutKast,spotify:track:2PpruBYCo4H7WOBJ7Q2EwM,pop
What a Girl Wants,Christina Aguilera,spotify:track:5bGmuxShUba9maPswDnhCs,pop
Since U Been Gone,Kelly Clarkson,spotify:track:3xrn9i8zhNZsTtcoWgQEAd,pop
Single Ladies,Beyonce,spotify:track:2ZBNclC5wm4GtiWaeh0DMx,pop
Frontin,Pharrell Featuring Jay-Z,spotify:track:0iFOG4Ki9aDmJUYUFHQlPG,pop
South Side,Moby Featuring Gwen Stefani,spotify:track:0KwXjf8EUmRA8csssSi9Dt,pop
Fireflies,Owl City,spotify:track:3DamFFqW32WihKkTVlwTYQ,pop
Welcome to the Black Parade,My Chemical Romance,spotify:track:5wQnmLuC1W7ATsArWACrgW,pop
The Rising,Bruce Springsteen,spotify:track:2czBvzOv3TvnyoW7Ozo7fP,pop
All These Things That I've Done,The Killers,spotify:track:5vollujufHY0jMZxx77VWr,pop
Feedback,Janet Jackson,spotify:track:5eOzzCC8zE6EqMThdvhc1d,pop
Galang,M.I.A.,spotify:track:5oV3uciTzAtn3YyTK5YgmA,pop
Closer,Ne-Yo,spotify:track:2XbfY2O2v3xwedUJ0J2kkr,pop
Down,Jay Sean Featuring Lil Wayne,spotify:track:6Ph28ENj0Suh79QTKmTtyY,pop
I Hope You Dance,Lee Ann Womack With Sons of the Desert,spotify:track:65B1tEOv5W294uCKbmEcFV,pop
Take Me Out,Franz Ferdinand,spotify:track:20I8RduZC2PWMWTDCZuuAN,pop
Hanging by a Moment,Lifehouse,spotify:track:0wqOReZDnrefefEsrIGeR4,pop
Doesn't Really Matter,Janet Jackson,spotify:track:0ekdT3jOhn3LinWtqHhmsw,pop
Sweet Dreams,Beyonce,spotify:track:1FKxKGONukVFXWVJxAKmlz,pop
Stacy's Mom,Fountains of Wayne,spotify:track:27L8sESb3KR79asDUBu8nW,pop
When I'm Gone,Eminem,spotify:track:2lRI7n5b9jlPYsEpRuots6,pop
The Middle,Jimmy Eat World,spotify:track:6GG73Jik4jUlQCkKg9JuGO,pop
How to Save a Life,The Fray,spotify:track:5fVZC9GiM4e8vu99W0Xf6J,pop
Breathe,Faith Hill,spotify:track:3y4LxiYMgDl4RethdzpmNe,pop
"Whenever, Wherever",Shakira,spotify:track:2lnzGkdtDj5mtlcOW2yRtG,pop
Teenagers,My Chemical Romance,spotify:track:7j31rVgGX9Q2blT92VBEA0,pop
The Way You Move,Outkast Featuring Sleepy Brown,spotify:track:5z7mYFfhw6N6f23VwrokJD,pop
Piece of Me,Britney Spears,spotify:track:2EvwLVrnYbCZEG6Kx5DCRy,pop
Drop It Like It's Hot,Snoop Dogg Featuring Pharrell,spotify:track:45euROxELkNSxSsti0aja5,pop
Work It,Missy Elliott,spotify:track:3jagJCUbdqhDSPuxP8cAqF,pop
Be Without You,Mary J. Blige,spotify:track:6Y3WvyUG9iE5bQYg38SPtQ,pop
You Belong With Me,Taylor Swift,spotify:track:1qrpoAMXodY6895hGKoUpA,pop
Bye Bye Bye,*NSYNC,spotify:track:62bOmKYxYg7dhrC6gH9vFn,pop
Feel Good Inc.,Gorillaz,spotify:track:0d28khcov6AiegSCpG5TuT,pop
Chasing Pavements,Adele,spotify:track:56pHllZT7QOacB0bP56ofx,pop
Get Ur Freak On,Missy Elliott,spotify:track:6zsk6uF3MxfIeHPlubKBvR,pop
All Summer Long,Kid Rock,spotify:track:5rX6C5QVvvZB7XckETNych,pop
Milkshake,Kelis,spotify:track:2s0ouHqJebHfiQ6C1GUFJd,pop
Never Again,Kelly Clarkson,spotify:track:24y3tSyLdRbpVsKhQrR2oj,pop
Better Days,Goo Goo Dolls,spotify:track:2hiB8QxWic092OablwpoVC,pop
Empire State of Mind,Jay-Z and Alicia Keys,spotify:track:6sLeKXRd18llTYeqiCT0lK,pop
Beautiful,Christina Aguilera,spotify:track:3TCauNPqFiniaYHBvEVoHG,pop
Cry Me a River,Justin Timberlake,spotify:track:7Lf7oSEVdzZqTA0kEDSlS5,pop
Steady as She Goes,The Raconteurs,spotify:track:4xlEKYv7HmC8zXoJIbpZKM,pop
Drops of Jupiter,Train,spotify:track:2hKdd3qO7cWr2Jo0Bcs0MA,pop
Lean Back,Terror Squad,spotify:track:2Ozc0me9PV5vlt8cokwdvI,pop
Blue,Eiffel 65,spotify:track:2yAVzRiEQooPEJ9SYx11L3,pop
Lose Control,Missy Elliott Featuring Ciara and Fat Man Scoop,spotify:track:0UaMYEvWZi0ZqiDOoHU3YI,pop
Can't Get You Out of My Head,Kylie Minogue,spotify:track:3E7ZwUMJFqpsDOJzEkBrQ7,pop
"1, 2, 3, 4",Feist,spotify:track:3EjunV64KClOUVAY5bh1br,pop
American Boy,Estelle Featuring Kanye West,spotify:track:3XB7WVeKBh3nJJT45v29ng,pop
Paralyzer,Finger Eleven,spotify:track:28IEbk5a7twNTbUEvWslUb,pop
Party in the USA,Miley Cyrus,spotify:track:7t5YIq57DS5djsaZJm1iyM,pop
Say My Name,Destiny's Child,spotify:track:7H6ev70Weq6DdpZyyTmUXk,pop
I'm Like a Bird,Nelly Furtado,spotify:track:2aGw77pZqli064JiPuXYRi,pop
My Love,Justin Timberlake Featuring T.I.,spotify:track:4NeOWqHmlrGRuBvsLJC9rL,pop
Lose Yourself,Eminem,spotify:track:5Z01UMMf7V1o0MzF86s6WJ,pop
Jesus Walks,Kanye West,spotify:track:5g1vtHqi9uV7xtYeCcFOBx,pop
Hurt,Christina Aguilera,spotify:track:6gDXbcILAyBa2skSdbUYq7,pop
I Kissed a Girl,Katy Perry,spotify:track:005lwxGU1tms6HGELIcUv9,pop
Naughty Girl,Beyonce,spotify:track:0YGQ3hZcRLC5YX7o0hdmHg,pop
Whatcha Say,Jason DeRulo,spotify:track:67T6l4q3zVjC5nZZPXByU8,pop
Seven Nation Army,White Stripes,spotify:track:3dPQuX8Gs42Y7b454ybpMR,pop
Hella Good,No Doubt,spotify:track:6AfLmKXzhEZjwiVPs5jhdV,pop
Clocks,Coldplay,spotify:track:0BCPKOYdS2jbQ8iyB56Zns,pop
Ms. Jackson,OutKast,spotify:track:0I3q5fE6wg7LIfHGngUTnV,pop
Yellow,Coldplay,spotify:track:3AJwUDP919kvQ9QcozQPxg,pop
So What,P!nk,spotify:track:0JiY190vktuhSGN6aqJdrt,pop
Stan,Eminem,spotify:track:3UmaczJpikHgJFyBTAJVoz,pop
This Love,Maroon 5,spotify:track:6ECp64rv50XVz93WvxXMGF,pop
Music,Madonna,spotify:track:2BcOZ4vOeu2qZowIHrvTYy,pop
Chasing Cars,Snow Patrol,spotify:track:5hnyJvgoWiQUYZttV4wXy6,pop
Knock You Down,Keri Hilson Featuring Kanye West and Ne-Yo,spotify:track:6DXlxBjG5Na4f4KI8a0y6F,pop
Crazy in Love,Beyonce Featuring Jay-Z,spotify:track:19lLzX7vt4BhrSOaHeRyn7,pop
Love Lockdown,Kanye West,spotify:track:1kxeWHF9PrCVZHvVskv8lg,pop
Hot in Herre,Nelly,spotify:track:04KTF78FFg8sOHC1BADqbY,pop
Where Is the Love?,Black Eyed Peas,spotify:track:0xmjwnQ3FNE6HuWCt2nHdZ,pop
"Sugar, We're Goin' Down",Fall Out Boy,spotify:track:2TfSHkHiFO4gRztVIkggkE,pop
Irreplaceable,Beyonce,spotify:track:6RX5iL93VZ5fKmyvNXvF1r,pop
Umbrella,Rihanna Featuring Jay-Z,spotify:track:5mWEC9dsbcLwo5CeIyVRA6,pop
Put Your Records On,Corinne Bailey Rae,spotify:track:2nGFzvICaeEWjIrBrL2RAx,pop
Grace Kelly,Mika,spotify:track:7dzUZec5MnWMyQnk5klnKR,pop
Paper Planes,M.I.A.,spotify:track:1ixbwbeBi5ufN4noUKmW5a,pop
Hollaback Girl,Gwen Stefani,spotify:track:0LzrhCZFXW94Y8nwtTuRlw,pop
Viva La Vida,Coldplay,spotify:track:1mea3bSkSGXuIRvnydlB5b,pop
Complicated,Avril Lavigne,spotify:track:5xEM5hIgJ1jjgcEBfpkt2F,pop
Fallin,Alicia Keys,spotify:track:0KQx6HOpJueiSkztcS0r7D,pop
Crazy,Gnarls Barkley,spotify:track:2N5zMZX7YeL1tico8oQxa9,pop
Bad Romance,Lady Gaga,spotify:track:0SiywuOBRcynK0uKGWdCnn,pop
Hey There Delilah,Plain White T's,spotify:track:4RCWB3V8V0dignt99LZ8vH,pop
Try Again,Aaliyah,spotify:track:6Wnlq1Pu3I0BajLvxn05Vr,pop
Toxic,Britney Spears,spotify:track:6I9VzXrHxO9rA9A5euc8Ak,pop
Get the Party Started,P!nk,spotify:track:02jcEwywffn3Tsb48fXmlW,pop
Beautiful Day,U2,spotify:track:1VuBmEauSZywQVtqbxNqka,pop
1-800-273-8255,Logic Featuring Alessia Cara and Khalid,spotify:track:5tz69p7tJuGPeMGwNTxYuV,hip-hop
212,Azealia Banks Featuring Lazy Jay,spotify:track:6oXvhoVdqeWGi0re9MsdAR,hip-hop
Alright,Kendrick Lamar,spotify:track:3iVcZ5G6tvkXZkZKlMpIUs,hip-hop
Act Up,City Girls,spotify:track:3A2yGHWIzmGEIolwonU69h,hip-hop
Antidote,Travis Scott,spotify:track:1wHZx0LgzFHyeIZkUydNXq,hip-hop
Back to Back,Drake ,spotify:track:5lFDtgWsjRJu8fPOAyJIAK,hip-hop
Bad and Boujee,Migos Featuring Lil Uzi Vert,spotify:track:0M9ydKzuF3oZTfYYPfaGX1,hip-hop
Bandz a Make Her Dance,Juicy J Featuring 2 Chainz and Lil Wayne,spotify:track:7EZPH9Px3gXlxD5KJDwtwc,hip-hop
Big Ole Freak,Megan Thee Stallion,spotify:track:3YEbLhXRDPTtctnb3ddg8g,hip-hop
“Black Beatles”,Rae Sremmurd,spotify:track:6fujklziTHa8uoM5OQSfIo,hip-hop
Black & Yellow,Wiz Khalifa,spotify:track:2EoOZnxNgtmZaD8uUmz2nD,hip-hop
B.M.F. (Blowin' Money Fast),Rick Ross,spotify:track:66yDCDOpgngR7W24OF6fHx,hip-hop
Bodak Yellow,Cardi B,spotify:track:6KBYefIoo7KydImq1uUQlL,hip-hop
Can't Feel My Face,The Weeknd,spotify:track:22VdIZQfgXJea34mQxlt81,hip-hop
Control,Big Sean Featuring Kendrick Lamar and Jay Electronica,spotify:track:6LpavSgQBTJmf7KteLNyKI,hip-hop
Crew,Goldlink Featuring Brent Faiyaz and Shy Glizzy,spotify:track:5geeTRRcsIg0MS5TvtBtHU,hip-hop
Deuces,Chris Brown Featuring Tyga and Kevin McCall,spotify:track:6wN4nT2qy3MQc098yL3Eu9,hip-hop
Dreams and Nightmares (Intro),Meek Mill ,spotify:track:42zd6DYQ4o4SECmTITrM1U,hip-hop
Fancy,Iggy Azalea Featuring Charli XCX,spotify:track:3oiMJQAWVaxSubJ7b2VUtX,hip-hop
Feelin Myself,Nicki Minaj Featuring Beyoncé,spotify:track:5fyIGoaaKelzdyW8ELhYJZ,hip-hop
FDT,YG Featuring Nipsey Hussle,spotify:track:4nxSEcO1rK0wtYswNpMH2U,hip-hop
Fuckin' Problems,"A$AP Rocky Featuring Drake, Kendrick Lamar and 2 Chainz",spotify:track:4X5f3vT8MRuXF68pfjNte5,hip-hop
Gucci Gang,Lil Pump,spotify:track:43ZyHQITOjhciSUUNPVRHc,hip-hop
Hard in da Paint,Waka Flocka Flame,spotify:track:3XQY8kDjI8LARMIC9xkxQk,hip-hop
Hot Nigga,Bobby Shmurda,spotify:track:1NMEiRhWMmCd6ntDqicf4E,hip-hop
Hotline Bling,Drake,spotify:track:0wwPcA6wtMf6HUMpIRdeP7,hip-hop
I Don't Fuck With You,Big Sean Featuring E-40,spotify:track:7FYH5AW3bVfZHJIQpq3UOA,hip-hop
“I Don’t Like”,Chief Keef Featuring Lil Reese ,spotify:track:1h6kgem1ai8vUgO1rZOwfB,hip-hop
In My Feelings,Drake,spotify:track:2G7V7zsVDxg1yRsu7Ew9RJ,hip-hop
Lifestyle,Rich Gang Featuring Young Thug and Rich Homie Quan,spotify:track:7DTlsMOQjGysXHpwwpHuPl,hip-hop
“Look At Me!”,XXXTentacion,spotify:track:7floNISpH8VF4z4459Qo18,hip-hop
Look at Me Now,Chris Brown Featuring Lil Wayne and Busta Rhymes ,spotify:track:7DVNiZEpZHMrVpt63zqwkm,hip-hop
Love Yourz,J. Cole,spotify:track:2e3Ea0o24lReQFR4FA7yXH,hip-hop
Lucid Dreams,Juice Wrld,spotify:track:285pBltuF7vW8TeWk8hdRR,hip-hop
Magnolia,Playboi Carti,spotify:track:1e1JKLEDKP7hEQzJfNAgPl,hip-hop
Marvins Room,Drake,spotify:track:047fCsbO4NdmwCBn8pcUXl,hip-hop
Mask Off,Future,spotify:track:0VgkVdmE4gld66l8iyGjgx,hip-hop
Mo Bamba,Sheck Wes,spotify:track:1xzBco0xcoJEDXktl7Jxrr,hip-hop
Monster,"Kanye West Featuring Rick Ross, Jay-Z, Bon Iver and Nicki Minaj",spotify:track:3Qw2mXaItLuLG3HL8ofWXO,hip-hop
Nigga in Paris,Kanye West and Jay-Z,spotify:track:1kfGkqNAGpiPGfst4Ln7m6,hip-hop
Old Town Road,Lil Nas X,spotify:track:2YpeDb67231RjR0MgVLzsG,hip-hop
One Dance,Drake Featuring Kyla and Wizkid,spotify:track:5ZKG94fnjiuMH5yrC5S9lS,hip-hop
Ooouuu,Young M.A,spotify:track:7JYsArznYOjX2jsrT3UEnL,hip-hop
Pick Up the Phone,Travis Scott and Young Thug Featuring Quavo,spotify:track:4GXl8l1MfZPf2GvpyRPJBf,hip-hop
Pretty Boy Swag,Soulja Boy,spotify:track:6sQH5GFuqhvemSdP2oOfRi,hip-hop
Rack City,Tyga,spotify:track:0srwKuJPH8yBzzFUJMBQM2,hip-hop
Redbone,Childish Gambino,spotify:track:0WtDGnWL2KrMCk0mI1Gpwz,hip-hop
Rockstar,Post Malone Featuring 21 Savage,spotify:track:0e7ipj03S05BNilyu5bRzt,hip-hop
Runaway,Kanye West Featuring Pusha-T,spotify:track:0HdQ1ziXFCx0B1q7ZRa4PL,hip-hop
Sad!,XXXTentacion,spotify:track:3ee8Jmje8o58CHK66QrVC2,hip-hop
See You Again,Wiz Khalifa Featuring Charlie Puth,spotify:track:4JZ9NUioOgDEVjDuBGukRV,hip-hop
Sicko Mode,Travis Scott Featuring Drake ,spotify:track:2xLMifQCjDGFmkHkpNLD9h,hip-hop
Super Bass,Nicki Minaj,spotify:track:3hlksXnvbKogFdPbpO9vel,hip-hop
Thrift Shop,Macklemore and Ryan Lewis,spotify:track:6CjtS2JZH9RkDz5UVInsa9,hip-hop
“Trap Queen”,Fetty Wap,spotify:track:2d8JP84HNLKhmd6IYOoupQ,hip-hop
Truth Hurts,Lizzo,spotify:track:3HWzoMvoF3TQfYg4UPszDq,hip-hop
Tuesday,ILoveMakonnen Featuring Drake,spotify:track:7mZbU42o1J2h4jG1cqG7V1,hip-hop
Tunnel Vision,Kodak Black,spotify:track:4Q3N4Ct4zCuIHuZ65E3BD4,hip-hop
Unforgettable,French Montana Featuring Swae Lee,spotify:track:3B54sVLJ402zGa6Xm4YGNe,hip-hop
“Versace”,Migos,spotify:track:0XGLsSU6wtfnKXiMNvQr61,hip-hop
“XO Tour Llif3”,Lil Uzi Vert ,spotify:track:7GX5flRQZVHRAGd6B4TmDO,hip-hop
Wonton Soup,Lil B,spotify:track:7gUux50RnQ0SC0lXIZuod3,hip-hop
Yonkers,"Tyler, The Creator",spotify:track:1nwkSqzTyXBk6XF796EOav,hip-hop
Muwop,Mulatto feat. Gucci Mane,spotify:track:231WYcXWUxYSx79tuPtzBk,hip-hop
That Way,Lil Uzi Vert,spotify:track:222KL68dVYye8s5np1DVIF,hip-hop
Deep Reverence,Big Sean feat. Nipsey Hussle,spotify:track:2CDcXWYWilHTXrsOXJza8n,hip-hop
Scottie Beam,"Freddie Gibbs, Rick Ross, and The Alchemist",spotify:track:15NQ3x1f2GUhqs8oBXhTqp,hip-hop
Walking in the Snow,Run the Jewels,spotify:track:2pVvB487ZwqdzTxEvEEors,hip-hop
Laugh Now Cry Later,Drake feat. Lil Durk,spotify:track:2SAqBLGA283SUiwJ3xOUVI,hip-hop
Life Is Good,Future feat. Drake,spotify:track:5yY9lUy8nbvjM1Uyo1Uqoc,hip-hop
Savage,Megan Thee Stallion feat. Beyonce (Remix),spotify:track:5v4GgrXPMghOnBBLmveLac,hip-hop
WAP,Cardi B. feat. Megan Thee Stallion,spotify:track:4Oun2ylbjFKMPTiaSbbCih,hip-hop
pride.is.the.devil,J. Cole feat. Lil Baby,spotify:track:5W8jRrZ6tWrTrqnKRtIQBf,hip-hop
Family Ties,Baby Keem feat. Kendrick Lamar,spotify:track:3QFInJAm9eyaho5vBzxInN,hip-hop
WusYaName,"Tyler, The Creator",spotify:track:5B0kgjHULYJhAQkK5XsMoC,hip-hop
Every Chance I Get,DJ Khaled,spotify:track:1EJIcDYXwSqipW5dFe4uJz,hip-hop
Kiss Me More,Doja Cat feat. SZA,spotify:track:3DarAbFujv6eYNliUTyqtz,hip-hop
Best Friend,Saweetie feat. Doja Cat,spotify:track:2etHQJxIbV0soyPhelVs9Y,hip-hop
Industry Baby,Lil Nas X feat. Jack Harlow,spotify:track:27NovPIUIRrOZoCHxABJwK,hip-hop
I Like Dat,"T-Pain, Kehlani, and BIA",spotify:track:3e1C4xcn4REvbAa7M6VshF,hip-hop
Straightenin,Migos,spotify:track:3X2r2CnHOJeV5YekPTgBnK,hip-hop
Escape Plan,Travis Scott,spotify:track:4R67rQNSbbsR4TdUVOIdez,hip-hop
Late at Night,Roddy Ricch,spotify:track:6kksmL4t09IgxhajuVDDxR,hip-hop
Calling My Phone,Lil Tjay feat. 6lack,spotify:track:3J8EOeKLTLXORtWPpOU5bE,hip-hop
What You Need,Don Toliver,spotify:track:7LA7pltkZPXuBm0wdIzD5E,hip-hop
Seeing Green,Nicki Minaj feat. Drake and Lil Wayne (Remix),spotify:track:1XVp5JpKvNs5q8TPiXo6Bc,hip-hop
Ski,Young Thug and Gunna,spotify:track:2PgsOPMdOOEtYN8SpQa83s,hip-hop
Twerkulator,City Girls,spotify:track:2Ty7EDf9XLYzEUqEIwJfDC,hip-hop
Love All,Drake feat. Jay-Z,spotify:track:4VCbgIdr8ptegWeJpqLVHH,hip-hop
City of Gods,Fivio Foreign fest. Kanye West and Alicia Keys,spotify:track:4huBDGP4I3S0pYI0EaRN1c,hip-hop
Sunshine,Latto feat. Lil Wayne and Childish Gambino,spotify:track:3Lf16tRdqj4H7MBtCSztDS,hip-hop
First Class,Jack Harlow,spotify:track:0wHFktze2PHC5jDt3B17DC,hip-hop
Cash In Cash Out,"Pharrell feat. Tyler, The Creator, and 21 Savage",spotify:track:0yZbaAO6dG8xYGPWQv78qi,hip-hop
Count Me Out,Kendrick Lamar,spotify:track:6BU1RZexmvJcBjgagVVt3M,hip-hop
Denial,Rae Sremmurd,spotify:track:4MQnXVR8DJvsySuXYuzUtf,hip-hop
Wraith,Chance the Rapper feat. Vic Mensa,spotify:track:4GSyA0YDBON0qD8fvqmPan,hip-hop
Blick Blick,Coi Leray feat. Nicki Minaj,spotify:track:21hKipgjcM6JL2mmoUKrQi,hip-hop
Lemonade,Vince Staples and Ty Dolla $ign,spotify:track:5Z3mR4zAX4K3krt4JAOpmx,hip-hop
God Don’t Make Mistakes,Conway the Machine,spotify:track:2Ri3R5tB1FlZhYgLMqTjSn,hip-hop
Whole Lotta,Marr Grey,spotify:track:65c5eWskrOGVTxEsaMMOhD,hip-hop
D.M.B.,ASAP Rocky,spotify:track:7IBLt4Qarf4JDLxIQDv2O5,hip-hop
Vaderz,Rico Nasty feat. Bktharula,spotify:track:4weoQ8CuXh0X9xvFfWsT6X,hip-hop
X-Wing,Denzel Curry,spotify:track:41X9qar6SruZOPLIV7sgUw,hip-hop
Elon Musk,DDG feat. Gunna,spotify:track:6g6FfeozIEkVUXecpSq16Q,hip-hop
Diet Coke,Pusha T,spotify:track:2qDTVDLjK4PctCvC8Mg19x,hip-hop
Switching Sides,Midwxst,spotify:track:0azvRr7z1MgdOF7rnzbUDk,hip-hop
"It’s Yours, Pt. 2",The Cool Kids,spotify:track:0J7uIzfeG7BUezS8OegpuR,hip-hop
Tabula Rasa,Earl Sweatshirt feat. Armand Hammer,spotify:track:5Qb5Crn9sefQ27M2lKahPM,hip-hop
Silly Achilles,TisaKorean,spotify:track:6NJ5GsneMeyTMoQ9zah1yv,hip-hop
Ms. Jackson,Outkast,spotify:track:0I3q5fE6wg7LIfHGngUTnV,hip-hop
The Real Slim Shady,Eminem,spotify:track:3yfqSUWxFvZELEM4PmlwIR,hip-hop
Paper Planes,M.I.A.,spotify:track:1ixbwbeBi5ufN4noUKmW5a,hip-hop
Pursuit of Happiness,Kid Cudi,spotify:track:5iSEsR6NKjlC9SrIJkyL3k,hip-hop
Get Ur Freak On,Missy Elliott,spotify:track:6zsk6uF3MxfIeHPlubKBvR,hip-hop
Clap Back,Ja Rule,spotify:track:1FK0sZfZzCAIDUn7htCemp,hip-hop
Work It,Missy Elliott,spotify:track:3jagJCUbdqhDSPuxP8cAqF,hip-hop
B.O.B.,OutKast,spotify:track:3WibbMr6canxRJXhNtAvLU,hip-hop
P.S.A.,Jay-Z,spotify:track:71skDFv9c5octCmL8ln26B,hip-hop
Jesus Walks,Kanye West,spotify:track:5g1vtHqi9uV7xtYeCcFOBx,hip-hop
Back in the Game,Wu-Tang Clan,spotify:track:6N5jzaZIj0dTuukVfHCT3r,hip-hop
This Is How We Do,Big Tymers,spotify:track:3z6WOgxwEcfF9mn4crIQaK,hip-hop
Stan,Eminem,spotify:track:3UmaczJpikHgJFyBTAJVoz,hip-hop
The Light,Common,spotify:track:5NiUrZVKyLpsyj62Roq5FW,hip-hop
Hot in Herre,Nelly,spotify:track:04KTF78FFg8sOHC1BADqbY,hip-hop
Dr. Carter,Lil Wayne,spotify:track:3QjQ9c1ooHiJDCqrKGC9fK,hip-hop
Dance With the Devil,Immortal Technique,spotify:track:4LCzEYKPFcd2FCOmZdVDnM,hip-hop
Empire State of Mind,Jay-Z (featuring Alicia Keys),spotify:track:2tHj1UtAlEJ70yOzeTw6mZ,hip-hop
Drop It Like It's Hot,Snoop Dogg (featuring Pharrell Williams),spotify:track:45euROxELkNSxSsti0aja5,hip-hop
Black President,Nas,spotify:track:6sUCli0KetwIaiQLGEcB2a,hip-hop
Many Men (Wish Death),50 Cent,spotify:track:2I9foKseoFQh07p6sD2voE,hip-hop
Southern Hospitality,Ludacris (featuring Pharrell Williams),spotify:track:4cNhx6OO1XpvwT6xZnb83B,hip-hop
"Kick, Push",Lupe Fiasco,spotify:track:6nz35DNIzbtj5ztpDEcW1j,hip-hop
Drop It Low,Ester Dean,spotify:track:77FVM2m7DYptj1geNF8PMm,hip-hop
Take It to the Top,"Freeway, featuring 50 Cent",spotify:track:2cWHN0WK52RGAWHgaDamUA,hip-hop
Blueberry Yum Yum,Ludacris featuring Sleepy Brown,spotify:track:26liGJfeDiHLVn0qTETkt1,hip-hop
One Mic,Nas,spotify:track:7CpXFEjLntpr4GdOhTtFEv,hip-hop
Diamonds (From Sierra Leone),Kanye West,spotify:track:34KUIBsIUiPV7oCIzSdDAU,hip-hop
Badd,Ying Yang Twins (featuring Mike Jones and Mr. Collipark),spotify:track:1Epb6Kfe3GTgKrrWs1Y4Wy,hip-hop
U Remind Me,Usher,spotify:track:2QsZVnbWVSjKMXK6K3uRBL,hip-hop
Grindin’,"Clipse, A 2000s Hip Hop Song Classic",spotify:track:3XrvEifl0hIzgBGUa5jBLS,hip-hop
Hip-Hop,Dead Prez,spotify:track:2HoDr1yVksl19omOhc1zWy,hip-hop
Lip Gloss,Lil Mama,spotify:track:1Y4ZdPOOgCUhBcKZOrUFiS,hip-hop
Int'l Players Anthem,UGK,spotify:track:4ns1XFP3W5JPyzvnAjMdHD,hip-hop
All Falls Down,Kanye West featuring Syleena Johnson,spotify:track:5SkRLpaGtvYPhw02vZhQQ9,hip-hop
Hate It or Love It,The Game (featuring 50 Cent),spotify:track:2wGSgTmgSF3xjRrHkTc25R,hip-hop
Cupid’s Chokehold,Gym Class Heroes (featuring Patrick Stump),spotify:track:3Hb25cjDsqFg1VJDdL0Vjq,hip-hop
What You Know,T.I.,spotify:track:0CAJdthKDdRjB2h8YOguN6,hip-hop
Lollipop,Lil Wayne (featuring Static Major),spotify:track:4P7VFiaZb3xrXoqGwZXC3J,hip-hop
Get By,Talib Kweli,spotify:track:1LM6EReMkAxuDXDF26ekl2,hip-hop
Hey Ma,"Cam’ron featuring Juelz Santana, Freekey Zeekey, and Toya",spotify:track:6a8lMvYwJBwV4OtmdI1aDb,hip-hop
Royal Flush,Big Boi,spotify:track:1qhgBzRH0jOzoVZJ2K1hDn,hip-hop
Tipsy (Club Mix),J-Kwon,spotify:track:0jSMveIWvnhDIvzqN74Uc7,hip-hop
Boom,Royce Da 5'9″,spotify:track:3CiSdq2SJSSUc1AVUU2F4G,hip-hop
Magic Stick,Lil’ Kim (featuring 50 Cent),spotify:track:278sR79MvTMvfojnrDAoTR,hip-hop
Ante Up,M.O.P.,spotify:track:5osSw3tL07Tuid7AWsvYcc,hip-hop
Whatever You Like,T.I.,spotify:track:1IAzD1muglOxOcPbUHs70R,hip-hop
Still Tippin',Mike Jones (featuring Slim Thug and Paul Wall),spotify:track:59rtiYOPgMEDf3yPEfU2la,hip-hop
What We Do,"Freeway, Jay Z, Beanie Sigel",spotify:track:5kDkWHFx0AEvJ1Pfm2i0ac,hip-hop
Exhibit C,Jay Electronica,spotify:track:4Mb5DVgLbFjlSwcuMdOw7B,hip-hop
It’s Goin’ Down,Yung Joc (featuring Nitti),spotify:track:05Sgj1Hx03ZXc57gsV1kfX,hip-hop
A Milli,Lil Wayne,spotify:track:6ScJMrlpiLfZUGtWp4QIVt,hip-hop
Hip-Hop 101,Aasim,spotify:track:6WDo3YhOns4Tw9zOMQ5RAf,hip-hop
Hey Ya!,OutKast,spotify:track:2PpruBYCo4H7WOBJ7Q2EwM,hip-hop
Touch the Sky,Kanye West (featuring Lupe Fiasco),spotify:track:5yyqx4brn6Bm9U1Rj9ENnz,hip-hop
Angry Black Man on an Elevator,Rhymefest,spotify:track:26oOXFq7HB0GDgwc17EUt3,hip-hop
In Da Club,50 Cent,spotify:track:4RY96Asd9IefaL3X4LOLZ8,hip-hop
Shakey Dog,Ghostface Killah,spotify:track:3jLI3F0N6xggiEpswfnD69,hip-hop
Takeover,Jay Z,spotify:track:135lkyQRwFlWfmHjJTxtld,hip-hop
The Way I Am,Eminem,spotify:track:23wfXwnsPZYe5A1xXRHb3J,hip-hop
Ether,Nas,spotify:track:06UPCXzhIsXnceSXmKLMEY,hip-hop
Remind My Soul,Akrobatik,spotify:track:3lOsctJ4XeAV6shbttVgtX,hip-hop
Drive,El-P,spotify:track:5002jhe77WW8C52OjUDwBt,hip-hop
The Essence,AZ (featuring Nas),spotify:track:40aaE9iqfaX3xijADYOoob,hip-hop
"Fix Up, Look Sharp",Dizzee Rascal,spotify:track:0AOeHlRaiVoSMjjoB5fB5i,hip-hop
Izzo (H.O.V.A.),Jay Z,spotify:track:4h5KBcltGefua73AUPYps7,hip-hop
Forest Whitaker,Brother Ali,spotify:track:42uXDKUhyAt5Exe1G5pKWJ,hip-hop
Here I Come,The Roots,spotify:track:0UG6T3ulEb2zWJZgJK0PwP,hip-hop
Four Women,Reflection Eternal,spotify:track:1l7xvA5XajmKQDo1h8Vc3K,hip-hop
No Help,ABN,spotify:track:6onLsl9QsSdUiVunHQL7R3,hip-hop
Eternal Sunshine (The Pledge),Jay Electronica,spotify:track:2XchvZOLm2BM0IjKwnA6Cs,hip-hop
All Caps,Madvillain,spotify:track:21O0XXPEWPtePt5RMY93Ob,hip-hop
Rubber Band Man,T.I.,spotify:track:5Rkbnhwkb6oiqq1HQcXirN,hip-hop
Swang,Trae Tha Truth,spotify:track:702RdmOBmeHXG2jAmNeGN8,hip-hop
Time: The Donut of the Heart,J Dilla,spotify:track:6ywnTBL62OTd8HUaztJizb,hip-hop
How About Some Hardcore,M.O.P.,spotify:track:1vh2PEArt3XN2WwLqXJ1xo,hip-hop
Flashing Lights,Kanye West (featuring Dwele),spotify:track:38NtFDymfkjqIOWwY3fQsu,hip-hop
Day ‘N' Nite,Kid Cudi,spotify:track:5wfllwdjglyQislkskYLBv,hip-hop
Motown 25,Elzhi (featuring Royce Da 5'9″),spotify:track:5XWHMlnbIzIJCvJ6sIbxYw,hip-hop
Big Pimpin’,Jay Z (featuring UGK),spotify:track:7m97yKVzPpXV9Z4ezEziOD,hip-hop
Why,Jadakiss (featuring Anthony Hamilton),spotify:track:58LflM1owDAzQkYIL7ayCX,hip-hop
Gravel Pit,Wu-Tang Clan,spotify:track:2tNmhDlMbwQZLxQtWMt2EU,hip-hop
Blinded,the Lights”,spotify:track:0VjIjW4GlUZAMYd2vXMi3b,hip-hop
Daylight,Aesop Rock,spotify:track:05GnmzpvnAUwnXuOQ5OTop,hip-hop
Ridin’,Chamillionaire (featuring Krayzie Bone),spotify:track:3kZoay4ANo86ehb6s4RwS9,hip-hop
The Champ,Ghostface Killah,spotify:track:5iT0oOBAZek1ynX91Pr4iI,hip-hop
Uncle Sam,Brother Ali,spotify:track:06tMxo0sySSq4SkIS3xUsc,hip-hop
Quiet Dog Bite Hard,Mos Def,spotify:track:4gQdwwPXSXnDkUh4jYqLoC,hip-hop
What's Golden,Jurassic 5,spotify:track:0SADXPubFbFXu7ZR3M86io,hip-hop
Throw Some D's,Rich Boy,spotify:track:6SmPPtaMnfxgz5duA6t9Cu,hip-hop
Doobie Ashtray,Devin the Dude,spotify:track:4aPTrOPzmdOF2Qmhhcr07p,hip-hop
All That You Are,The Foreign Exchange,spotify:track:6VagXfR5TlXUtl0wPXAd9I,hip-hop
I Hate My Job,Cam'ron,spotify:track:6tBAIq9GYGmAyGBnT5ndKg,hip-hop
Black Mags,The Cool Kids,spotify:track:5wlFf3t4c5ITfKH5L0TeXD,hip-hop
Lights Please,J. Cole,spotify:track:6sZv0ECT8cEW3oZtoCuVg4,hip-hop
Daydreamin’,Lupe Fiasco (featuring Jill Scott),spotify:track:50M2QjfSM82wkJ1d0iV4mh,hip-hop
Black Republican,Nas (featuring Jay-Z),spotify:track:308T3ASJI1HJYLzR1WkWAx,hip-hop
Big Tymin’,Nef the Pharaoh,spotify:track:2FdQ4hkbqZ1X930oxxgZZy,hip-hop
U Guessed It,OG Maco,spotify:track:4UUFTQKwwId0n1P9t4ZQhx,hip-hop
The Blanguage,Young Thug & Metro Boomin,spotify:track:2VtgzixdB967bHDNu5A1nh,hip-hop
6 Foot 7 Foot,Lil Wayne (Feat. Cory Gunz),spotify:track:4gWpfgbPnVtivpbrPFARPX,hip-hop
Big Ole Freak,Megan Thee Stallion,spotify:track:3YEbLhXRDPTtctnb3ddg8g,hip-hop
Back to Back,Drake,spotify:track:5lFDtgWsjRJu8fPOAyJIAK,hip-hop
White Iverson,Post Malone,spotify:track:6eT7xZZlB2mwyzJ2sUKG6w,hip-hop
The Last Huzzah,"Mr. Muthafuckin’ eXquire (Feat. Despot, Kool A.D., Heems, Danny Brown, & El-P)",spotify:track:4m7rYtLTr5vPPjlmkemR0C,hip-hop
Groovy Tony / Eddie Kane,ScHoolboy Q (Feat. Jadakiss),spotify:track:1MY4HVXfBkUg1mUjmCjznI,hip-hop
Scarface N---a,Roc Marciano,spotify:track:3ujsJyNJl1zxvS4G9JhJtE,hip-hop
Mo Bamba,Sheck Wes,spotify:track:1xzBco0xcoJEDXktl7Jxrr,hip-hop
Reagan,Killer Mike,spotify:track:2HRYa6iG1M5DRefO8pK2I3,hip-hop
Walk Away As the Door Slams,Lil Peep (Feat. Lil Tracy),spotify:track:3CnK206lwL8j2ETlzBC9go,hip-hop
Rack City,Tyga,spotify:track:0srwKuJPH8yBzzFUJMBQM2,hip-hop
No Role Modelz,J. Cole,spotify:track:68Dni7IE4VyPkTOH9mRWHr,hip-hop
Gucci Gang,Lil Pump,spotify:track:43ZyHQITOjhciSUUNPVRHc,hip-hop
Black Thought Funk Flex Freestyle,Black Thought,spotify:track:5Mi3Qt2bXMqXRG2vnmp4a0,hip-hop
"Beamer, Benz, or Bentley",Lloyd Banks (Feat. Juelz Santana),spotify:track:7I32DtLHsOEkscD10PcNzw,hip-hop
100 Shots,Young Dolph,spotify:track:3TXy6nchgKeYlVwOKNk9lE,hip-hop
Dis Ain’t What You Want,Lil Durk,spotify:track:64wIxAhccUXbtgZHTvY1jJ,hip-hop
Ion Rap Beef,Drakeo the Ruler & 03 Greedo,spotify:track:0o1HbZL2Zuenru6FaGrsVJ,hip-hop
Womp Womp,Valee (Feat. Jeremih),spotify:track:1G5ho820Xi2Qu3HsBZ26ft,hip-hop
Breakfast,Curren$y,spotify:track:4om3OBmhbN30hOwCDXaJwi,hip-hop
Greatest Rapper Ever,Danny Brown,spotify:track:3PcjjeeeEex6gdI8Qz3COs,hip-hop
Bloxk Party,Sada Baby (Feat. Drego),spotify:track:2y6T22z0VqKK1R8UwI0MvJ,hip-hop
Shiny Suit Theory,Jay Electronica (Feat. Jay-Z & The-Dream),spotify:track:51u3nlTacgtiWxRQGPd4go,hip-hop
Ooouuu,Young M.A,spotify:track:7JYsArznYOjX2jsrT3UEnL,hip-hop
Givenchy,Rich Gang,spotify:track:1689NeAQZJSqOL3VDcu5M3,hip-hop
Dark Comedy Late Show,Open Mike Eagle,spotify:track:77wywwkLtE5mlrHMrlfSAP,hip-hop
Money Trees,Kendrick Lamar (Feat. Jay Rock),spotify:track:2HbKqm4o0w5wEeEFXm2sD4,hip-hop
Mask Off,Future,spotify:track:0VgkVdmE4gld66l8iyGjgx,hip-hop
0 to 100 / The Catch Up,Drake,spotify:track:4jtyUzZm9WLc2AdaJ1dso7,hip-hop
Nosetalgia,Pusha T (Feat. Kendrick Lamar),spotify:track:7aK5rlTVxSgcqShPMI1TTH,hip-hop
Black and Yellow,Wiz Khalifa,spotify:track:5A6OHHy73AR5tLxgTc98zz,hip-hop
Skrt,Kodak Black,spotify:track:5v7kaZNsnyByrSJOfO8gKq,hip-hop
I’m on One,"DJ Khaled (Feat. Drake, Rick Ross, & Lil Wayne)",spotify:track:0Iezpd0YmJnNuCtGXYY2SF,hip-hop
Control,Big Sean (Feat. Jay Electronica & Kendrick Lamar),spotify:track:2PqhgyoxhBy20P06e9uL3L,hip-hop
Look at Me!,XXXTENTACION,spotify:track:7floNISpH8VF4z4459Qo18,hip-hop
Pop That,"French Montana (Feat. Rick Ross, Drake, & Lil Wayne)",spotify:track:40gyO2Zv6Bw1Zn8vcK677a,hip-hop
Try Me,DeJ Loaf,spotify:track:2CY92qejUrhyPUASawNVRr,hip-hop
Norf Norf,Vince Staples,spotify:track:4uQ7wYsuL0DryknoDc11Hk,hip-hop
Antidote,Travis Scott,spotify:track:1wHZx0LgzFHyeIZkUydNXq,hip-hop
All Gold Everything,Trinidad James,spotify:track:0pgeVJrdNok4KhbiM58ayZ,hip-hop
Fuckin’ Problems,"A$AP Rocky (Feat. Drake, 2 Chainz, & Kendrick Lamar)",spotify:track:4X5f3vT8MRuXF68pfjNte5,hip-hop
Devil in a New Dress,Kanye West (Feat. Rick Ross),spotify:track:1UGD3lW3tDmgZfAVDh6w7r,hip-hop
Rap N----s,Nipsey Hussle,spotify:track:7yuVh8qr6XMAMENmUtUZVF,hip-hop
I’m Different,2 Chainz,spotify:track:6J5sxraPPZ4b0CVOGAgpXj,hip-hop
Tuesday,ILOVEMAKONNEN,spotify:track:35rSpXB5bk9ega9jsjcRts,hip-hop
The Race,Tay-K,spotify:track:3wGXyJGsCf1myH5MooQIqE,hip-hop
FDT,YG (Feat. Nipsey Hussle),spotify:track:6Pvhtv7oEse8RWS4ST4UPO,hip-hop
2009,Mac Miller,spotify:track:6dFn6my1sHK2bcf23GlHwM,hip-hop
Bad and Boujee,Migos (Feat. Lil Uzi Vert),spotify:track:0M9ydKzuF3oZTfYYPfaGX1,hip-hop
Work,A$AP Ferg,spotify:track:7xVLFuuYdAvcTfcP3IG3dS,hip-hop
4:30 A.M.,Kevin Gates,spotify:track:10I3CmmwT0BkOVhduDy53o,hip-hop
Mercy,"Kanye West (Feat. Big Sean, Pusha T, & 2 Chainz)",spotify:track:3UFPjYWvzX0I8OYqmR2Pby,hip-hop
Welcome to the Party,Pop Smoke,spotify:track:7GGB121dCe4BKIpmRJHiDJ,hip-hop
Bank Account,21 Savage,spotify:track:5eqK0tbzUPo2SoeZsov04s,hip-hop
Drip Too Hard,Lil Baby & Gunna,spotify:track:78QR3Wp35dqAhFEc2qAGjE,hip-hop
Earl,Earl Sweatshirt,spotify:track:6Ecv0YG6QR0Zggsdw3u3mb,hip-hop
Hands on the Wheel,ScHoolboy Q (Feat. A$AP Rocky),spotify:track:78JKJfKsqgeBDBF58gv1SF,hip-hop
Only,"Nicki Minaj (Feat. Drake, Lil Wayne, & Chris Brown)",spotify:track:0CSrlx5BND6JjYLhhESiHP,hip-hop
Bandz a Make Her Dance,Juicy J (Feat. Lil Wayne & 2 Chainz),spotify:track:7EZPH9Px3gXlxD5KJDwtwc,hip-hop
Black Beatles,Rae Sremmurd (Feat. Gucci Mane),spotify:track:5JA3kX5U1r5rgXO9tG1ER9,hip-hop
Bible on the Dash,Gunplay,spotify:track:0ymMvHAozg5LuIhqj8tVb3,hip-hop
Love Sosa,Chief Keef,spotify:track:01Lr5YepbgjXAWR9iOEyH1,hip-hop
Twist My Fingaz,YG (Feat. Slim 400),spotify:track:0evVIHGlp94jOUMvoQZRVD,hip-hop
Backseat Freestyle,Kendrick Lamar,spotify:track:3aGibUHhQyBsyumYHylw0K,hip-hop
Stay Schemin,Rick Ross (Feat. Drake & French Montana),spotify:track:5TfZfcsbBqhRysexP7ueJH,hip-hop
Thuggin’,Freddie Gibbs & Madlib,spotify:track:6m192NGYZHIbO5UBkkM4oN,hip-hop
Crew,GoldLink (Feat. Brent Faiyaz & Shy Glizzy),spotify:track:15EPc80XuFrb2LmOzGjuRg,hip-hop
Sicko Mode,Travis Scott (Feat. Drake),spotify:track:1x9DaemhjMZozZvta0rzSa,hip-hop
The Story of Adidon,Pusha T,spotify:track:1dp8aQANyTRKssDeAYPiZe,hip-hop
Type of Way,Rich Homie Quan,spotify:track:0YKvEXArXE4GeGzqCsaifN,hip-hop
Monster,"Kanye West (Feat. Jay-Z, Rick Ross, Nicki Minaj, & Bon Iver)",spotify:track:1ZHYJ2Wwgxes4m8Ba88PeK,hip-hop
Peso,A$AP Rocky,spotify:track:3tTpvK7QgjjQCKGnHt5xn3,hip-hop
Magnolia,Playboi Carti,spotify:track:1e1JKLEDKP7hEQzJfNAgPl,hip-hop
XXX,Danny Brown,spotify:track:3fMYdbxKBDKtLa1HB9iBDK,hip-hop
Trap Queen,Fetty Wap,spotify:track:2d8JP84HNLKhmd6IYOoupQ,hip-hop
Cartoons and Cereal,Kendrick Lamar (Feat. Gunplay),spotify:track:31Yebmn7gDvxc0yjRV8M5t,hip-hop
No Type,Rae Sremmurd,spotify:track:4scpF6J5uMBvoh6sFB7EL1,hip-hop
Danny Glover,Young Thug,spotify:track:0VL32DjEZZiOj2dYo9a0NX,hip-hop
212,Azealia Banks (Feat. Lazy Jay),spotify:track:16PvV0ebMHyiWveAOA3e9z,hip-hop
Lucid Dreams,Juice WRLD,spotify:track:285pBltuF7vW8TeWk8hdRR,hip-hop
March Madness,Future,spotify:track:3WcC6NH9J77xPEvj1SOL7z,hip-hop
N----s in Paris,Jay-Z & Kanye West,spotify:track:1kWUMpe0w9h4ep1iCvPflp,hip-hop
Marvins Room,Drake,spotify:track:047fCsbO4NdmwCBn8pcUXl,hip-hop
B.M.F. (Blowin’ Money Fast),Rick Ross (Feat. Styles P),spotify:track:4XVZ3Ztmd2koc5S7Yey8NY,hip-hop
Versace,Migos,spotify:track:0XGLsSU6wtfnKXiMNvQr61,hip-hop
I’m God,Lil B,spotify:track:5WnfnSpuNEGXyEt78PBA6d,hip-hop
Hard in Da Paint,Waka Flocka Flame,spotify:track:3XQY8kDjI8LARMIC9xkxQk,hip-hop
XO Tour Llif3,Lil Uzi Vert,spotify:track:7GX5flRQZVHRAGd6B4TmDO,hip-hop
Codeine Crazy,Future,spotify:track:0joQFwiBKmi6X1Iq5R1ubH,hip-hop
Bodak Yellow,Cardi B,spotify:track:6KBYefIoo7KydImq1uUQlL,hip-hop
Yonkers,"Tyler, The Creator",spotify:track:1nwkSqzTyXBk6XF796EOav,hip-hop
Hot N---a,Bobby Shmurda,spotify:track:0alZMmUP2pewhIIFtgjJYI,hip-hop
Lifestyle,Rich Gang,spotify:track:7DTlsMOQjGysXHpwwpHuPl,hip-hop
Alright,Kendrick Lamar,spotify:track:3iVcZ5G6tvkXZkZKlMpIUs,hip-hop
Dreams and Nightmares,Meek Mill,spotify:track:42zd6DYQ4o4SECmTITrM1U,hip-hop
I Don’t Like,Chief Keef (Feat. Lil Reese),spotify:track:3QFWOD872qTF2qK1Bw5O4M,hip-hop
Runaway,Kanye West (Feat. Pusha T),spotify:track:3DK6m7It6Pw857FcQftMds,hip-hop
Rest In Pieces,Saliva,spotify:track:6XYTdS3FRzfZh3Umid2ILx,rock
Loser,3 Doors Down,spotify:track:1aC1IBAETh2XYGOE8kCC6t,rock
Crawling,Linkin Park,spotify:track:57BrRMwf9LrcmuOsyGilwr,rock
Someday,Nickelback,spotify:track:4PkJ7c9y1CwpuVOiJODnCZ,rock
It’s Been Awhile,Staind,spotify:track:25CMmGsl22APKhfuj4Tp7j,rock
Blurry,Puddle of Mudd,spotify:track:6lSr3iZTC144PKhvbPFzMp,rock
In The End,Linkin Park,spotify:track:60a0Rd6pjrkxjPbaKzXjfq,rock
How You Remind Me,Nickelback,spotify:track:0gmbgwZ8iqyMPmXefof8Yf,rock
Bad Day,Fuel,spotify:track:5z5ao3FAaVwHk1g7xuOBcB,rock
The Middle,Jimmy Eat World,spotify:track:6GG73Jik4jUlQCkKg9JuGO,rock
Bring Me To Life,Evanescence,spotify:track:0COqiPhxzoWICwFCS4eZcp,rock
Somebody Told Me,The Killers,spotify:track:6PwjJ58I4t7Mae9xfZ9l9v,rock
Faint,Linkin Park,spotify:track:4Yf5bqU3NK4kNOypcrLYwU,rock
Dirty Little Secret,The All-American Rejects,spotify:track:5lDriBxJd22IhOH9zTcFrV,rock
Speed Of Sound,Coldplay,spotify:track:7clUVcSOtkNWa58Gw5RfD4,rock
Boulevard of Broken Dreams,Green Day,spotify:track:5GorCbAP4aL0EJ16frG2hd,rock
"You’re Gonna Go Far, Kid",The Offspring,spotify:track:6TfBA04WJ3X1d1wXhaCFVT,rock
Use Somebody,Kings of Leon,spotify:track:5VGlqQANWDKJFl0MBG3sg2,rock
Sex on Fire,Kings of Leon,spotify:track:0ntQJM78wzOLVeCUAW7Y45,rock
Kryptonite,3 Doors Down,spotify:track:6ZOBP3NvffbU4SZcrnt1k6,rock
Like a Stone,Audioslave,spotify:track:3YuaBvuZqcwN3CEAyyoaei,rock
Californication,Red Hot Chili Peppers,spotify:track:48UPSzbZjgc449aqz8bxox,rock
I Disappear,Metallica,spotify:track:51Vic2Yi71YKNtLbyJKgQt,rock
It’s My Life,Bon Jovi,spotify:track:0v1XpBHnsbkCn7iJ9Ucr1l,rock
No Leaf Clover,Metallica,spotify:track:0n4AllHzf3ma4ki20Y9h00,rock
With Arms Wide Open,Creed,spotify:track:0eKyHwckh9vQb8ncZ2DXCs,rock
Chop Suey!,System of a Down,spotify:track:2DlHlPMa4M17kufBvI2lEN,rock
The Diary of Jane,Breaking Benjamin,spotify:track:0faXHILILebCGnJBPU6KJJ,rock
The Pretender,Foo Fighters,spotify:track:7x8dCjCr0x6x2lXKujYD34,rock
Animal I Have Become,Three Days Grace,spotify:track:56sk7jBpZV0CD31G9hEU3b,rock
Breaking The Habit,Linkin Park,spotify:track:6n8TMVyFKoUmDc4apxceRD,rock
Uprising,Muse,spotify:track:4VqPOruhp5EdPBeR92t6lQ,rock
Headstrong,Trapt,spotify:track:1AEYT6VxrxXPMoQUxsY0E4,rock
Last Resort,Papa Roach,spotify:track:5W8YXBz9MTIDyrpYaCg2Ky,rock
Welcome to the Black Parade,My Chemical Romance,spotify:track:5wQnmLuC1W7ATsArWACrgW,rock
Snuff,Slipknot,spotify:track:3RptaQ5Xb8WvtpItZ2f9Hi,rock
Prayer of the Refugee,Rise Against,spotify:track:4OSbctVD37ycS0H3rwRm72,rock
Toxicity,System of a Down,spotify:track:0snQkGI5qnAmohLE7jTsTn,rock
Tears Don’t Fall,Bullet for My Valentine,spotify:track:1kdiiFGX1Htx0aVZYaDwEJ,rock
Mr,The Killers,spotify:track:003vvx7Niy0yvhvHt4a68B,rock
Give Me a Sign,Breaking Benjamin,spotify:track:6BWrIaoodtt7EX6kToWZw0,rock
Numb,Linkin Park,spotify:track:2nLtzopw4rPReszdYBJU6h,rock
No One Knows,Queens of the Stone Age,spotify:track:6NvRxjfYkkT2SpirAlmsjH,rock
Somewhere I Belong,Linkin Park,spotify:track:3agtg0x11wPvLIWkYR39nZ,rock
What I’ve Done,Linkin Park,spotify:track:18lR4BzEs7e3qzc0KVkTpU,rock
Burn It To The Ground,Nickelback,spotify:track:1jq28NGw6wdtFKx8MBPy6C,rock
By The Way,Red Hot Chili Peppers,spotify:track:4WJ47arGuVvHEs0DMufrwr,rock
Psychosocial,Slipknot,spotify:track:3RAFcUBrCNaboRXoP3S5t1,rock
Knights of Cydonia,Muse,spotify:track:7ouMYWpwJ422jRcDASZB7P,rock
Hard to Explain,the Strokes,spotify:track:0OM9ri37LIbPc9hffwsyb1,rock
Chinatown,Bleachers ft. Bruce Springsteen,spotify:track:7IY2JF7AlVN5uvIUBVnSJd,rock
Monsters,All Time Low ft. blackbear,spotify:track:3k9VfOKofPCROXVu28fOmb,rock
The Steps,Haim,spotify:track:5X2RisOZS9i5MsR8EVw58p,rock
No Flag,Elvis Costello,spotify:track:026xziPfk73HTmWSSzQkeL,rock
Ode to the Mets,The Strokes,spotify:track:1BLOVHYYlH4JUHQGcpt75R,rock
Kyoto,Phoebe Bridgers,spotify:track:4vjvx7Zxkb4AltGcZ0BBvI,rock
OK,Wallows,spotify:track:0APAKxMXB7jdDs4kw1l30y,rock
Fox,Dogleg,spotify:track:36yzYaU0lRagD2uKo6ELwY,rock
Care,beabadoobee,spotify:track:1aTf6n7MSd9z1LQYJEcmqF,rock
Bloody Valentine,Machine Gun Kelly,spotify:track:6mADjHs6FXdroPzEGW6KVJ,rock
Mood,24kGoldn ft. iann dior,spotify:track:3FJ7DtxXvO6NnLm1zjf7uQ,rock
Sweet Little Lady,The Big Push,spotify:track:6pWuX5DNdVZPPO4ywGDiJv,rock
Scissorhands,Maggie Lindemann,spotify:track:3FYFaLFmpwKFb5MNAvoHH0,rock
Ohms,Deftones,spotify:track:7nJHd79RwAnEn3yYYpr4b8,rock
Say Less,Nothing,spotify:track:1TG4piLlwdCJOQWpsnpLWm,rock
How Will I Rest in Peace if I’m Buried,a Highway”,spotify:track:4jFLw7QqWlv3lZr980HyYW,rock
Run,Joji,spotify:track:3AkdSFo7quCZ781KCqNK0T,rock
The Beachland Ballroom,IDLES,spotify:track:6numDs6jtM3BAVO2NRrwXC,rock
Wake Me Up,FOALS,spotify:track:1G2OpjUeUn96CkBbbyjpVD,rock
7 Seconds,Porridge Radio,spotify:track:0voJyHU8wz6VEkos3L2ohu,rock
Backyard Boy,Claire Rosinkranz,spotify:track:04F42oEuKrRComYJfJuyVR,rock
Here’s the Thing,Sports Team,spotify:track:4jMCKf7hqXSRv7DD9ZcMVZ,rock
Seventeen Going Under,Sam Fender,spotify:track:1Dp7ASSZVVOPJ85VdLpjOX,rock
Fleabag,YUNGBLUD,spotify:track:2Ww0rg6l92yIXTaW1Z0HXr,rock
White Elephant,Nick Cave and Warren Ellis,spotify:track:4ZOACNngwdpo7hY5zIt35H,rock
Three Wishes,Stone Temple Pilots,spotify:track:6AUDoyTCTXceTI8fbNF8i3,rock
Oh Yeah!,Green Day,spotify:track:3QiNQFiueqnIc6rOPLZB3f,rock
Work,Pop Evil,spotify:track:2u4fyu0QnU64T5euBxOHxZ,rock
Change,Pale Waves,spotify:track:41FCZduFUjoymvDXb6ZviB,rock
Dance of the Clairvoyants,Pearl Jam,spotify:track:3Y1q37A7ecFEdR5IAMWodA,rock
Our Love,Incubus,spotify:track:6j652760j2wctFstQmai4R,rock
Paradise Lost (A Poem,John Milton)”,spotify:track:0brRAViWRg60fyrCynTPxl,rock
Dear Agony (Aurora Version),Breaking Benjamin ft. Lacey Sturm,spotify:track:0c3fJd2HRi6uHWgTljIae5,rock
Hero,Weezer,spotify:track:4Fj6KslSYYQ1kAbafiKoz0,rock
Ordinary Man,Ozzy Osbourne ft. Elton John,spotify:track:6eEYGGFfFbtKHCgJM4uh9v,rock
Rue,girl in red,spotify:track:4EoE743bWWiZ4ttkdPCNbA,rock
Atlas Falls,Shinedown,spotify:track:7m1Lw3uTakxHFxGjXXbE4l,rock
Kacey Musgraves,Follow Your Arrow,spotify:track:4CLPNURPcKztF9RRdcWLGP,country
Little Big Town,Girl Crush,spotify:track:11qh54D0PKkBwelpDxxiEU,country
Carrie Underwood,Church Bells,spotify:track:67citk3uzWs5qbaIVKTeg8,country
Maren Morris,My Church,spotify:track:1LM5zQv5pBKPyO7rm7Uz6U,country
Miranda Lambert,Mama's Broken Heart,spotify:track:2mXsZsJBThTaJXbNcg5QD4,country
Brandy Clark,Stripes,spotify:track:0MJ49ZXdzIb7yw6WjwpSf5,country
The Highwomen,Highwomen,spotify:track:0CTNLJMN9dMG4cl5qgsZSv,country
Sturgill Simpson,Long White Line,spotify:track:40Xg69oisdpuP4C7xl3RkK,country
Margo Price,Hands of Time,spotify:track:2spEkxVBo1217qmjWkWPZu,country
Joshua Hedley,Mr. Jukebox,spotify:track:3SPEV9v2fGKbGBIqYxoZUa,country
Kelsey Waldon,All by Myself,spotify:track:5P2bdFon08MYGVWkfCZKyJ,country
Paul Cauthen,Cocaine Country Dancing,spotify:track:4B9v2AXBpnA5tBhGTaQG0G,country
Tyler Childers,Feathered Indians,spotify:track:2tgQaL85WoRfgEa4hFQgrE,country
Colter Wall,Kate McCannon,spotify:track:5tN0LIuQDapSFedlYJuG0k,country
Charley Crcokett,9 Lb Hammer,spotify:track:3q0FwZMtraqgqpzSxptETB,country
Turnpike Troubadours,Long Hot Summer Day,spotify:track:0kOG4bwpKgRlcJw1NA6csR,country
Brent Cobb,Shine On Rainy Day,spotify:track:1wSEQVYQfq69RmUz1b5a3j,country
Miranda Lambert,Bathroom Sink,spotify:track:0YV73fsl9Wzlj61EPspjJ3,country
Asley McBryde,Girl Goin' Nowhere,spotify:track:2lyEpuvVOnNGzV5c89Vnpf,country
Chris Stapleton,Tennessee Whiskey,spotify:track:3fqwjXwUGN6vbzIwvyFMhx,country
Darius Rucker,Wagon Wheel,spotify:track:3xdjjKMcMOFgo1eQrfbogM,country
Eric Church,Springsteen,spotify:track:05ZACkzW8YbRq3eFgIfSNB,country
Lee Brice,Love Like Crazy,spotify:track:6Ozp6ac86CSHMik8lbvJuM,country
Brandy Clark & Dwight Yoakam,Hold My Hand,spotify:track:6kwXlXsWKMhZFR0aZiDhae,country
Pistol Annies,Takin' Pills,spotify:track:2I8sTYMwuTsTL3K5vR6MB5,country
Eric Church,Drink In My Hand,spotify:track:1cktZnxiONH0hR6Q3DKy8h,country
Miranda Lambert,Tin Man,spotify:track:4ckQIgBy1gVeevf7UAereE,country
Cam,Burning House,spotify:track:2zhk0kypGeOPsaaZcjyc14,country
Brothers Osborne,Stay A Little Longer,spotify:track:23EkfwUdsRIz7jAZIcC8gb,country
Taylor Swift,Mean,spotify:track:5yEPktRqvIhko5QFF3aBhQ,country
Lady A,Need You Now,spotify:track:11EX5yhxr9Ihl3IN1asrfK,country
Dierks Bentley,Drunk On A Plane,spotify:track:1soxUgYIZb1qx1c7o1Lc7z,country
Miranda Lambert & Carrie Underwood,Somethin' Bad,spotify:track:0QULNNd9z5s35entfiiXoa,country
Little Big Town,Pontoon,spotify:track:2Gy3XMLbBxACZ4tXdFRGr7,country
Tim McGraw,Humble and Kind,spotify:track:4Pn0JlCUusD2QHjADuOzuV,country
Zac Brown Band,Homegrown,spotify:track:2kR18wsL3gvXRXdNE4dCGc,country
Little Big Town,Better Man,spotify:track:23TxRN09aR1RB0G0tFoT0b,country
Luke Combs,Beer Never Broke My Heart,spotify:track:7aEtlGHoiPAfRB084NiDmx,country
Kenny Chesney,American Kids,spotify:track:1dgWTMoHwTUnQhOQ8SR5fV,country
Midland,Drinkin' Problem,spotify:track:1vBpwxsLVwaR4evBIaFmqD,country
Luke Bryan,That's My Kind Of Night,spotify:track:5HGibWoxnkYSkl6mHmAlOE,country
Carly Pearce,Every Little Thing,spotify:track:2wxfu24GQpEZQrjDJm5Ac1,country
Taylor Swift,Begin Again,spotify:track:05GsNucq8Bngd9fnd4fRa0,country
Lauren Alaina,Road Less Traveled,spotify:track:4nxgA1nvXvTkmsBY0vJV57,country
Jon Pardi,Dirt On My Boots,spotify:track:7f08qp3HROTkfrtNpiYGGo,country
Kip Moore,Somethin' 'Bout A Truck,spotify:track:6Ymvlzom4TQeoKqAWsZRD8,country
Kelsea Ballerini,Miss Me More,spotify:track:5NfJGBAL9mgFPRQxKJmiX2,country
Tim McGraw & Taylor Swift,Highway Don't Care,spotify:track:0Om9WAB5RS09L80DyOfTNa,country
Thomas Rhett,Die A Happy Man,spotify:track:5kNe7PE09d6Kvw5pAsx23n,country
Maddie & Tae,Girl In A Country Song,spotify:track:4qbibbQ1yK0rPl0JUJS0bz,country
Lady A,Bartender,spotify:track:6olKv2HP3XgBpvVxAswowe,country
Brad Paisley,This Is Country Music,spotify:track:6Ray43gNA6LZxareyESwNk,country
Kacey Musgraves,Dime Store Cowgirl,spotify:track:43xanDcfSBWuURZCWbItzf,country
Russell Dickerson,Every Little Thing,spotify:track:3kgCJPXDlnL5bl1HFesHUi,country
Florida Georgia Line,Cruise,spotify:track:0i5el041vd6nxrGEU8QRxy,country
Sam Hunt,Body Like A Back Road,spotify:track:7mldq42yDuxiUNn08nvzHO,country
Chris Young,Aw Naw,spotify:track:53Dj5PCDhb22qWqmre3YQs,country
Thomas Rhett & Maren Morris,Craving You,spotify:track:5kNe7PE09d6Kvw5pAsx23n,country
Jason Aldean,Dirt Road Anthem,spotify:track:2qYsSHsYkihWx043HVJQRV,country
Dan + Shay,Tequila,spotify:track:42fw0rxRO2xbesF6mJfd4Y,country
Luke Bryan,Play It Again,spotify:track:03fT3OHB9KyMtGMt2zwqCT,country
Randy Houser,Runnin' Outta Moonlight,spotify:track:6enPOmd3vSFpI4jjms8kXN,country
Brett Young,In Case You Didn't Know,spotify:track:10M2Ex445zw585Ducldzkw,country
Blake Shelton,Sangria,spotify:track:0p1HtkrNYxv0iDfEKwXSTp,country
Lee Brice,Hard To Love,spotify:track:6E9V9TRlVOLjenGjHemzEH,country
Kelsea Ballerini,Peter Pan,spotify:track:2wqXQjOmQ9KoBm9Ssgt4Fo,country
I Hope’,Gabby Barrett,spotify:track:23T0OX7QOiIUFShSzbJ5Uo,country
The Bones,Maren Morris,spotify:track:7yFhA2fUsL2oIMWlw5DaHQ,country
Willow,Taylor Swift,spotify:track:0rCaOCuZlOKwTxYLzDuuYs,country
Black Like Me,Mickey Guyton,spotify:track:239xopha4cJfbAfhX76FEQ,country
Bluebird,Miranda Lambert,spotify:track:0kPeZAyIhIfeZNrtfjJGDB,country
I Should Probably Go to Bed,Dan + Shay,spotify:track:5ovVcYo2MvjVydFwFyaaqy,country
I Love My Country,Florida Georgia Line,spotify:track:0clSHsrHl2irBkObcLEZqS,country
Drinking Alone,Carrie Underwood,spotify:track:4objxuNfJlJHomkRIPa2Y2,country
Betty,Taylor Swift,spotify:track:5kI4eCXXzyuIUXjQra0Cxi,country
This City,Sam Fischer,spotify:track:3H3r2nKWa3Yk5gt8xgmsEt,country
More Than My Hometown,Morgan Wallen,spotify:track:5OELUCYgOHKFAvCERnAvfS,country
"Wine, Beer, Whiskey",Little Big Town,spotify:track:5avVDmK9FVJpd3MDO8I3Zl,country
One Too Many,Keith Urban ft. Pink,spotify:track:5NUXE8W12lWcUXgJRCjeEw,country
Cheatin’ Songs,Midland,spotify:track:01dBLHq3UWyDRWDZJXj235,country
The Good Ones,Gabby Barret,spotify:track:3hLuHKzG1cmlRpq53ZVWd8,country
I Wish Grandpas Never Died,Riley Green,spotify:track:7Dxes6VnfbZYV0S2QTnVuT,country
I Hope You’re Happy Now,"Carly Pearce, One Of The Best Country Songs Of The 2020s",spotify:track:0Al3wN3keprGTSgG8NBwjr,country
Chasing After You,Ryan Hurd ft. Maren Morris,spotify:track:3MkXV52jXtsG4pvKp4cGE8,country
Drunk (And I Don’t Wanna Go Home),Elle King ft. Miranda Lambert,spotify:track:0QULNNd9z5s35entfiiXoa,country
Till You Can’t,Cody Johnson,spotify:track:4k3lPl8YTKuY8c1HelVnm3,country
Wild Hearts,Keith Urban,spotify:track:0BQpyaFrb78b9uobWNheqx,country
You Should Probably Leave,Chris Stapleton,spotify:track:2UikqkwBv7aIvlixeVXHWt,country
Bible Verses,Blake Shelton,spotify:track:75S9EXVDrhRd340JOOruRu,country
Never Wanted To Be That Girl,Carly Pearce ft. Ashley McBryde,spotify:track:7yRJMLG9ja0fBVVEmV6vcT,country
Freedom Was a Highway,Jimmie Allen ft. Brad Paisley,spotify:track:3J5jotqUAjU479WhAiNkpU,country
Younger Me,Brothers Osborne,spotify:track:5vyONuW3HK0kJQBkrSp25B,country
Heart on Fire,Eric Church,spotify:track:0ysCB1Jg4hli0XlEWlipo7,country
Remember Her Name,Mickey Guyton,spotify:track:6YMnz4CTX2NSg2JtXiSFJU,country
One Mississippi,Kane Brown,spotify:track:4FdPnT2cFrpWCmWZd7GXc3,country
Always Gonna Love You,Florida Georgia Line,spotify:track:5wTt43UbS3HmDvzAJ7Yax3,country
Fancy Like,Walker Hayes,spotify:track:58UKC45GPNTflCN6nwCUeF,country
23,Sam Hunt,spotify:track:4PuAqZlL1tkidkuxfDlLbF,country
Country Again,Thomas Rhett,spotify:track:3CiF9D8iuVhZWDvvjf8HpG,country
Minimum Wage,Blake Shelton,spotify:track:0Lavu1rppGgXfiK27cAMyU,country
Like I Love Country Music,Kane Brown,spotify:track:3j1xkzTW8owIphkWV51V9s,country
Whiskey on You,Nate Smith,spotify:track:6Tm4Io4ct4w14nB1EUzsY3,country
Heartfirst,Kelsea Ballerini,spotify:track:1S55d7hhptRt8PS6nC1fSY,country
Trouble With a Heartbreak,Jason Aldean,spotify:track:3HO30hRbkOLU6ZWERayfQO,country
Summer on Your Lips,Conner Smith,spotify:track:7HJ54S8MPYQsC7cT6HffOX,country
You Proof,Morgan Wallen,spotify:track:5uU1uuyaUIBOiiUSQG7Wl3,country
Pink Champagne,Carrier Underwood,spotify:track:0LI59fuqv8OTAnY9cqCife,country
Thought You Should Know,Morgan Wallen,spotify:track:6NHpyYvJyQsg2nXXzGYc2R,country
Never Say Never,Cole Swindell ft. Lainey Wilson,spotify:track:03kCiUPjdAV9ur9ugm8PQT,country
Don’t Think Jesus,Morgan Wallen,spotify:track:1TUuhV75FeOF6UObRsABo2,country
Something in the Orange,Zach Bryan,spotify:track:3WMj8moIAXJhHsyLaqIIHI,country
Wild as Her,Corey Kent,spotify:track:4RG7P0CXQ4pe0OeCAHjX5L,country
Tomorrow Me,Luke Combs,spotify:track:52GuoXJUOFAwmPMtH3V9W4,country
5 Foot 9,Tyler Hubbard,spotify:track:6AqwH2Y9FJwhUE2dCSkw1u,country
Pain,Ingrid Andress,spotify:track:37u0I5Q44POEFCLhFREtGJ,country
The Kind of Love We Make,Luke Combs,spotify:track:48UKTR66uUOT9LaUvooTNx,country
Hold Me Tonight,Chancy Squire,spotify:track:6dyMcQKY8KvDakXH56BYjW,country
Stuck On You,Giveon,spotify:track:3LBM25IgxI9y549SiYxtSi,r&b
Not Another Love Song,Ella Mai,spotify:track:5XqDJFVCyRTm5J7cIfRmR1,r&b
By Yourself,Ty Dolla $ign feat. Jhené Aiko & Mustard,spotify:track:1psvnQxSDdIKTDM2Jm8QKt,r&b
Inhale,Bryson Tiller,spotify:track:0ycIrEpkyb4lrqE7M1emju,r&b
Can I,Kehlani,spotify:track:0uDdI4fAXCuNhQbmxENdsO,r&b
Bad Habits,Usher,spotify:track:7beY8mXJuC4l0J2WgVoCfm,r&b
Do It,Chloe x Halle,spotify:track:35Dh5MnCUPLN3XyAVtQff3,r&b
My Affection,Summer Walker feat. PARTYNEXTDOOR,spotify:track:2aSM4sbNN7cSmpYOG0sf46,r&b
Ego Death,"Ty Dolla $ign feat. Kanye West, FKA twigs & Skrillex",spotify:track:3Q5cLvkKsHJvYltf8k7HkO,r&b
Go Crazy,Chris Brown & Young Thug,spotify:track:1IIKrJVP1C9N7iPtG6eOsK,r&b
Summer 2020,Jhené Aiko,spotify:track:0t2q2c43AATY4z1GI883Be,r&b
Believe It,PARTYNEXTDOOR feat. Rihanna,spotify:track:6WHZvtFnceMMv08gUCHR0y,r&b
Killa,Teyana Taylor feat. Davido,spotify:track:46YL800EFmXBhOjab7MLsy,r&b
The Take,Tory Lanez feat. Chris Brown,spotify:track:0Odu228D0yGcFySGuxU4rY,r&b
Snowchild,The Weeknd,spotify:track:3WlbeuhfRSqU7ylK2Ui5U7,r&b
Between Us,dvsn feat. Snoh Aalegra,spotify:track:759KqKQyDmTWJape4odo21,r&b
Back Home,Trey Songz feat. Summer Walker,spotify:track:6t51aLe7rjZhKgONwt6btQ,r&b
Konclusions,YG Feat. Kehlani,spotify:track:00iG3DUfLDwGsCQw8D4bE4,r&b
Wake Up Love,Teyana Taylor feat. IMAN,spotify:track:6QutayBrziruy3GoPMqBBq,r&b
Secret,21 Savage feat. Summer Walker,spotify:track:67lKDoCZbRCJDa4RT68eme,r&b
ATL Freestyle,6LACK,spotify:track:3Isj85ak2yj4EndfKFGs9x,r&b
Get Me,Justin Bieber feat. Kehlani,spotify:track:5VwwpU7KsLhgfbMEecedhJ,r&b
Comeback,JoJo feat. Tory Lanez & 30 Roc,spotify:track:3wN7Spu4tWhefB3LooMLys,r&b
One and Only,J Hus feat. Ella Mai,spotify:track:0PjtIvwCFQMkWoFTVWsCsi,r&b
Pu$$y Fairy (OTW),Jhené Aiko,spotify:track:0cARwJOuhhBQSdq1yiOjZr,r&b
Loyal,PARTYNEXTDOOR feat. Drake,spotify:track:2rFqkDRJlumT7QjljlldlR,r&b
Coffee,Kelly Rowland,spotify:track:7GGlr1GkWjre2lo69N0rVk,r&b
SexBeat,"Usher feat. Lil Jon, Ludacris",spotify:track:6u7nfDFpwoDhtnXv9eRI5C,r&b
After Hours,The Weeknd,spotify:track:2p8IUWQDrpjuFltbdgLOag,r&b
B.S.,Jhené Aiko feat. H.E.R.,spotify:track:63wx9vdskaXbYxyDx4oJCZ,r&b
Know Your Worth,"Khalid, Disclosure",spotify:track:0TrPqhAMoaKUFLR7iYDokf,r&b
One Second,Stormzy feat. H.E.R.,spotify:track:2DdI0KRBuxV5Km0bkm67yh,r&b
Bittersweet,Lianne La Havas,spotify:track:4uawMXx8VZ7WMrjAVOaCMe,r&b
3am in London,Ebenezer,spotify:track:2koXDwwitQIyoL1O9xnk0k,r&b
Slide (Remix),"H.E.R. feat. Pop Smoke, A Boogie Wit da Hoodie & Chris Brown",spotify:track:6MO2bfLHKykUgCChFdw91H,r&b
Don't Waste My Time,Usher feat. Ella Mai,spotify:track:3Ey11v2aiX14s4wBaYbhlp,r&b
Bussit,Ari Lennox,spotify:track:39KiTKARPALXdEYaG5tqFM,r&b
A Muse,dvsn,spotify:track:7HdUnaN512R9oB2QyL8Brl,r&b
Split Decision,PARTYNEXTDOOR,spotify:track:7BY2h0RUgeenWrnbwPr0Kt,r&b
Damage,H.E.R.,spotify:track:0KS2h61pHQ4WmOwruD7uxD,r&b
Eleven,Khalid,spotify:track:18O00Y7yrkJ0pRXm1n21Og,r&b
Happiness Over Everything (H.O.E.),Jhené Aiko feat. Future & Miguel,spotify:track:2yUy5eFAFWAichjrySJWA2,r&b
Toxic,Kehlani,spotify:track:5nexAvWNhwg51EavnDgViy,r&b
Chocolate,Kiana Ledé feat. Ari Lennox,spotify:track:0bka3tJqQxlBMOa7IZPnQB,r&b
Trust,Brent Faiyaz,spotify:track:0oufSLnKQDoBFX5mgkDCgR,r&b
Safety 2020,"Gashi feat. DJ Snake, Afro B & Chris Brown",spotify:track:4YW8YoVfEZTynrEvWeLbRc,r&b